timestamp,frame_index,uav_x,uav_y,uav_z,full_gt_cx,full_gt_cy,full_gt_cz,full_gt_lx,full_gt_ly,full_gt_lz,visible_gt_point_count,visible_gt_xmin,visible_gt_xmax,visible_gt_ymin,visible_gt_ymax,visible_gt_zmin,visible_gt_zmax,visible_gt_cx,visible_gt_cy,visible_gt_cz,visible_gt_lx,visible_gt_ly,visible_gt_lz,lvdot_detected,lvdot_tracking_id,lvdot_slot_id,lvdot_xmin,lvdot_xmax,lvdot_ymin,lvdot_ymax,lvdot_zmin,lvdot_zmax,lvdot_cx,lvdot_cy,lvdot_cz,lvdot_lx,lvdot_ly,lvdot_lz
1789369160.500501156,1,3.0,-0.9999261903893231,1.5,5.0,0.0,1.5,0.8,0.6,1.2,401,4.539137840270996,5.410046100616455,-0.40249258279800415,0.3534019887447357,1.245498538017273,2.190716505050659,4.974591970443726,-0.024545297026634216,1.718107521533966,0.870908260345459,0.7558945715427399,0.9452179670333862,1,0,0,4.3126350883217075,5.1399384978981235,-0.49267407692505916,0.2632275577680866,1.222364902496338,2.12137508392334,4.7262867931099155,-0.11472325957848628,1.6718699932098389,0.827303409576416,0.7559016346931458,0.899010181427002
1789369160.600395203,2,3.0,-0.999568233659287,1.5,5.0,0.0,1.5,0.8,0.6,1.2,356,4.542147636413574,5.410041332244873,-0.4024716913700104,0.3533884286880493,1.281734824180603,2.1906487941741943,4.976094484329224,-0.02454163134098053,1.7361918091773987,0.8678936958312988,0.7558601200580597,0.9089139699935913,1,0,0,4.307738958018255,5.135042367594671,-0.4853424859900871,0.27055914870305864,1.2504377365112305,2.1494479179382324,4.721390662806463,-0.10739166864351424,1.6999428272247314,0.827303409576416,0.7559016346931458,0.899010181427002
1789369160.700433731,3,3.0,-0.998914994317283,1.5,5.0,0.0,1.5,0.8,0.6,1.2,334,4.53523588180542,5.350146293640137,-0.40243276953697205,0.3531571328639984,1.3585628271102905,2.1882193088531494,4.942691087722778,-0.024637818336486816,1.77339106798172,0.8149104118347168,0.7555899024009705,0.8296564817428589,1,0,0,4.304252826481043,5.131556236057459,-0.48269264752472013,0.2732089871684256,1.2332369089126587,2.1322470903396606,4.717904531269251,-0.10474183017814727,1.6827419996261597,0.827303409576416,0.7559016346931458,0.899010181427002
1789369160.800439596,4,3.0,-0.9979699987121726,1.5,5.0,0.0,1.5,0.8,0.6,1.2,369,4.535223484039307,5.3501129150390625,-0.4023769497871399,0.35332706570625305,1.30802583694458,2.189828634262085,4.942668199539185,-0.02452494204044342,1.7489272356033325,0.8148894309997559,0.7557040154933929,0.8818027973175049,1,0,0,4.294043718912479,5.121347128488895,-0.47926076741173357,0.2766408672814122,1.2578362226486206,2.1568464040756226,4.707695423700687,-0.10130995006516068,1.7073413133621216,0.827303409576416,0.7559016346931458,0.899010181427002
1789369160.900424957,5,3.0,-0.9967361752181889,1.5,5.0,0.0,1.5,0.8,0.6,1.2,365,4.535396099090576,5.394769191741943,-0.4023723602294922,0.3530735969543457,1.245634913444519,2.190117120742798,4.96508264541626,-0.024649381637573242,1.7178760170936584,0.8593730926513672,0.7554459571838379,0.9444822072982788,1,0,0,4.288764996166405,5.116068405742821,-0.47824032536837124,0.2776613093247745,1.2750797271728516,2.1740899085998535,4.702416700954613,-0.10028950802179837,1.7245848178863525,0.827303409576416,0.7559016346931458,0.899010181427002
1789369161.000408173,6,3.0,-0.9952166574747703,1.5,5.0,0.0,1.5,0.8,0.6,1.2,432,4.539401054382324,5.394692897796631,-0.4022817015647888,0.3806131184101105,1.2078421115875244,2.1898322105407715,4.9670469760894775,-0.010834291577339172,1.698837161064148,0.8552918434143066,0.7828948199748993,0.9819900989532471,1,0,0,4.288398521555337,5.115701931131753,-0.4832972446687801,0.27260439002436565,1.2765051126480103,2.175515294075012,4.702050226343545,-0.10534642732220725,1.7260102033615112,0.827303409576416,0.7559016346931458,0.899010181427002
1789369161.100384712,7,3.0,-0.993413665267712,1.5,5.0,0.0,1.5,0.8,0.6,1.2,441,4.5395002365112305,5.4099650382995605,-0.40217381715774536,0.38054677844047546,1.2520251274108887,2.1894943714141846,4.9747326374053955,-0.010813519358634949,1.7207597494125366,0.8704648017883301,0.7827205955982208,0.9374692440032959,1,0,0,4.296092213031325,5.123395622607741,-0.4873321776141941,0.26856945707895163,1.2454036474227905,2.1444138288497925,4.709743917819533,-0.10938136026762126,1.6949087381362915,0.827303409576416,0.7559016346931458,0.899010181427002
1789369161.200427532,8,3.0,-0.9913311497727182,1.5,5.0,0.0,1.5,0.8,0.6,1.2,386,4.539615154266357,5.362772464752197,-0.40402352809906006,0.38026246428489685,1.2500134706497192,2.186255693435669,4.951193809509277,-0.011880531907081604,1.718134582042694,0.8231573104858398,0.7842859923839569,0.9362422227859497,1,0,0,4.300666272055441,5.127969681631857,-0.48442081070001874,0.271480823993127,1.2319589853286743,2.1309691667556763,4.714317976843649,-0.10646999335344584,1.6814640760421753,0.827303409576416,0.7559016346931458,0.899010181427002
1789369161.300387859,9,3.0,-0.9889723197752207,1.5,5.0,0.0,1.5,0.8,0.6,1.2,374,4.535962104797363,5.362863063812256,-0.40387389063835144,0.3803856372833252,1.2824225425720215,2.1886634826660156,4.94941258430481,-0.011744126677513123,1.7355430126190186,0.8269009590148926,0.7842595279216766,0.9062409400939941,1,0,0,4.292876123982979,5.120179533559395,-0.47919908795281757,0.2767025467403282,1.2415350675582886,2.1405452489852905,4.706527828771187,-0.10124827060624468,1.6910401582717896,0.827303409576416,0.7559016346931458,0.899010181427002
1789369161.400373459,10,3.0,-0.9863393235060315,1.5,5.0,0.0,1.5,0.8,0.6,1.2,360,4.539890289306641,5.360055923461914,-0.4037069082260132,0.38029104471206665,1.3591326475143433,2.188171625137329,4.949973106384277,-0.011707931756973267,1.7736521363258362,0.8201656341552734,0.7839979529380798,0.8290389776229858,1,0,0,4.3000966436419965,5.1274000532184125,-0.47666861296359353,0.2792330217295522,1.2190239429473877,2.1180341243743896,4.7137483484302045,-0.09871779561702065,1.6685290336608887,0.827303409576416,0.7559016346931458,0.899010181427002
1789369161.500379562,11,3.0,-0.9834351913718244,1.5,5.0,0.0,1.5,0.8,0.6,1.2,354,4.535959720611572,5.394053936004639,-0.40352392196655273,0.37997856736183167,1.3419045209884644,2.1876308917999268,4.9650068283081055,-0.011772677302360535,1.7647677063941956,0.8580942153930664,0.7835024893283844,0.8457263708114624,1,0,0,4.305187476959444,5.13249088653586,-0.4740298601397649,0.28187177455338086,1.235862374305725,2.134872555732727,4.718839181747652,-0.096079042793192,1.685367465019226,0.827303409576416,0.7559016346931458,0.899010181427002
1789369161.600395441,12,3.0,-0.9802625999918575,1.5,5.0,0.0,1.5,0.8,0.6,1.2,377,4.53114128112793,5.409799575805664,-0.40332484245300293,0.3800738453865051,1.2461225986480713,2.19545316696167,4.970470428466797,-0.011625498533248901,1.7207878828048706,0.8786582946777344,0.7833986878395081,0.9493305683135986,1,0,0,4.310238634783789,5.137542044360205,-0.47994568548717353,0.2759559492059722,1.2757847309112549,2.174794912338257,4.723890339571997,-0.10199486814060064,1.7252898216247559,0.827303409576416,0.7559016346931458,0.899010181427002
1789369161.700443506,13,3.0,-0.9768244902357017,1.5,5.0,0.0,1.5,0.8,0.6,1.2,445,4.527860641479492,5.36042594909668,-0.40119919180870056,0.3799537122249603,1.2029950618743896,2.195085048675537,4.944143295288086,-0.010622739791870117,1.6990400552749634,0.8325653076171875,0.7811529040336609,0.9920899868011475,1,0,0,4.30699633224857,5.134299741824986,-0.47796310676725157,0.2779385279258942,1.283033847808838,2.18204402923584,4.720648037036778,-0.1000122894206787,1.7325389385223389,0.827303409576416,0.7559016346931458,0.899010181427002
1789369161.800407648,14,3.0,-0.9731266491901375,1.5,5.0,0.0,1.5,0.8,0.6,1.2,365,4.528042316436768,5.363424301147461,-0.40288111567497253,0.3798247277736664,1.2594465017318726,2.194689989089966,4.945733308792114,-0.011528193950653076,1.7270682454109192,0.8353819847106934,0.7827058434486389,0.9352434873580933,1,0,0,4.305502961497412,5.132806371073828,-0.47792809290144067,0.2779735417917051,1.2329879999160767,2.1319981813430786,4.71915466628562,-0.09997727555486781,1.6824930906295776,0.827303409576416,0.7559016346931458,0.899010181427002
1789369161.900388002,15,3.0,-0.9691691392709525,1.5,5.0,0.0,1.5,0.8,0.6,1.2,458,4.531233787536621,5.349124908447266,-0.40071600675582886,0.37968912720680237,1.2464449405670166,2.1986024379730225,4.940179347991943,-0.010513439774513245,1.7225236892700195,0.8178911209106445,0.7804051339626312,0.9521574974060059,1,0,0,4.305554360413551,5.132857769989967,-0.4820222570366197,0.27387937765652604,1.249812126159668,2.14882230758667,4.719206065201759,-0.10407143969004684,1.699317216873169,0.827303409576416,0.7559016346931458,0.899010181427002
1789369162.000372171,16,3.0,-0.9649560889446422,1.5,5.0,0.0,1.5,0.8,0.6,1.2,390,4.528444290161133,5.409605503082275,-0.4004797041416168,0.37954628467559814,1.3031681776046753,2.197911500930786,4.969024896621704,-0.010466709733009338,1.7505398392677307,0.8811612129211426,0.780025988817215,0.8947433233261108,1,0,0,4.298864454244951,5.126167863821367,-0.4741265449058404,0.28177508978730537,1.2437996864318848,2.1428098678588867,4.712516159033159,-0.09617572755926748,1.6933047771453857,0.827303409576416,0.7559016346931458,0.899010181427002
1789369162.100307941,17,3.0,-0.9604908270599704,1.5,5.0,0.0,1.5,0.8,0.6,1.2,335,4.52866268157959,5.409548282623291,-0.40210914611816406,0.3793960213661194,1.3583760261535645,2.1976306438446045,4.96910548210144,-0.011356562376022339,1.7780033349990845,0.8808856010437012,0.7815051674842834,0.83925461769104,1,0,0,4.291758749854562,5.119062159430978,-0.4697184069043578,0.28618322778878796,1.243391752243042,2.142401933670044,4.70541045464277,-0.0917675895577849,1.692896842956543,0.827303409576416,0.7559016346931458,0.899010181427002
1789369162.200428963,18,3.0,-0.955771258619519,1.5,5.0,0.0,1.5,0.8,0.6,1.2,386,4.531352519989014,5.361134052276611,-0.40000152587890625,0.3792412281036377,1.348172664642334,2.198502779006958,4.9462432861328125,-0.010380148887634277,1.773337721824646,0.8297815322875977,0.779242753982544,0.850330114364624,1,0,0,4.290338632109744,5.11764204168616,-0.46530809971339726,0.2905935349797485,1.2345958948135376,2.1336060762405396,4.703990336897952,-0.0873572823668244,1.6841009855270386,0.827303409576416,0.7559016346931458,0.899010181427002
1789369162.300433159,19,3.0,-0.9508077773350309,1.5,5.0,0.0,1.5,0.8,0.6,1.2,383,4.541767597198486,5.361279487609863,-0.40152889490127563,0.37907907366752625,1.2469677925109863,2.197883367538452,4.951523542404175,-0.011224910616874695,1.7224255800247192,0.819511890411377,0.7806079685688019,0.9509155750274658,1,0,0,4.286777829432601,5.114081239009017,-0.46556493718498615,0.2903366975081596,1.2713631391525269,2.170373320579529,4.700429534220809,-0.08761411983841325,1.7208682298660278,0.827303409576416,0.7559016346931458,0.899010181427002
1789369162.400386572,20,3.0,-0.9456018299273321,1.5,5.0,0.0,1.5,0.8,0.6,1.2,416,4.529383659362793,5.361423015594482,-0.399417519569397,0.37891364097595215,1.2512937784194946,2.1964807510375977,4.945403337478638,-0.010251939296722412,1.7238872647285461,0.8320393562316895,0.7783311605453491,0.945186972618103,1,0,0,4.283520815836785,5.110824225413201,-0.46722461283029815,0.2886770218628476,1.2756361961364746,2.1746463775634766,4.697172520624993,-0.08927379548372526,1.7251412868499756,0.827303409576416,0.7559016346931458,0.899010181427002
1789369162.500357151,21,3.0,-0.9401551233200175,1.5,5.0,0.0,1.5,0.8,0.6,1.2,447,4.531500816345215,5.361563682556152,-0.400890588760376,0.37854185700416565,1.2472648620605469,2.195502758026123,4.946532249450684,-0.011174365878105164,1.721383810043335,0.8300628662109375,0.7794324457645416,0.9482378959655762,1,0,0,4.2876801586706845,5.1149835682471005,-0.46929563697311216,0.2866059977200336,1.249381184577942,2.148391366004944,4.7013318634588925,-0.0913448196265393,1.6988862752914429,0.827303409576416,0.7559016346931458,0.899010181427002
1789369162.600448847,22,3.0,-0.9344651078928512,1.5,5.0,0.0,1.5,0.8,0.6,1.2,436,4.537492752075195,5.347960472106934,-0.4005669355392456,0.37856820225715637,1.2474217414855957,2.1958725452423096,4.9427266120910645,-0.010999366641044617,1.7216471433639526,0.8104677200317383,0.779135137796402,0.9484508037567139,1,0,0,4.286404572713718,5.113707982290134,-0.46818116865013415,0.2877204660430116,1.2315857410430908,2.1305959224700928,4.700056277501926,-0.09023035130356125,1.6810908317565918,0.827303409576416,0.7559016346931458,0.899010181427002
1789369162.700460911,23,3.0,-0.9285437002227408,1.5,5.0,0.0,1.5,0.8,0.6,1.2,397,4.5447893142700195,5.347405910491943,-0.40122801065444946,0.3781912326812744,1.2862765789031982,2.1935532093048096,4.9460976123809814,-0.011518388986587524,1.739914894104004,0.8026165962219238,0.7794192433357239,0.9072766304016113,1,0,0,4.289875554580635,5.117178964157051,-0.4765675666419939,0.27933406805115185,1.2641464471817017,2.1631566286087036,4.703527259368843,-0.09861674929542104,1.7136515378952026,0.827303409576416,0.7559016346931458,0.899010181427002
1789369162.800398588,24,3.0,-0.9223914756632975,1.5,5.0,0.0,1.5,0.8,0.6,1.2,383,4.530482292175293,5.361955165863037,-0.40062183141708374,0.3780116140842438,1.324635624885559,2.1927430629730225,4.946218729019165,-0.011305108666419983,1.7586893439292908,0.8314728736877441,0.7786334455013275,0.8681074380874634,1,0,0,4.28808184536895,5.115385254945366,-0.4728124497785317,0.28308918491461404,1.2350480556488037,2.1340582370758057,4.701733550157158,-0.09486163243195882,1.6845531463623047,0.827303409576416,0.7559016346931458,0.899010181427002
1789369162.900318623,25,3.0,-0.9160144664853905,1.5,5.0,0.0,1.5,0.8,0.6,1.2,355,4.530779838562012,5.347350597381592,-0.4017316401004791,0.37802761793136597,1.357602596282959,2.1993448734283447,4.939065217971802,-0.01185201108455658,1.7784737348556519,0.8165707588195801,0.7797592580318451,0.8417422771453857,1,0,0,4.281171522857174,5.10847493243359,-0.46653334765712773,0.289368287036018,1.2527188062667847,2.1517289876937866,4.694823227645382,-0.08858253031055488,1.7022238969802856,0.827303409576416,0.7559016346931458,0.899010181427002
1789369163.000389576,26,3.0,-0.9094045252475577,1.5,5.0,0.0,1.5,0.8,0.6,1.2,393,4.531085968017578,5.362176895141602,-0.3981007933616638,0.37784287333488464,1.2523678541183472,2.198828935623169,4.94663143157959,-0.010128960013389587,1.725598394870758,0.8310909271240234,0.7759436666965485,0.9464610815048218,1,0,0,4.27448287125729,5.101786280833706,-0.46601601256096886,0.2898856221321769,1.2826311588287354,2.1816413402557373,4.688134576045498,-0.08806519521439599,1.7321362495422363,0.827303409576416,0.7559016346931458,0.899010181427002
1789369163.100435257,27,3.0,-0.9025720089541887,1.5,5.0,0.0,1.5,0.8,0.6,1.2,440,4.531900882720947,5.346909999847412,-0.39881715178489685,0.37765875458717346,1.2109544277191162,2.192074775695801,4.93940544128418,-0.010579198598861694,1.7015146017074585,0.8150091171264648,0.7764759063720703,0.9811203479766846,1,0,0,4.274763212019257,5.102066621595673,-0.46770694418720593,0.2881946905059398,1.279897689819336,2.178907871246338,4.688414916807465,-0.08975612684063305,1.729402780532837,0.827303409576416,0.7559016346931458,0.899010181427002
1789369163.200441360,28,3.0,-0.8955212465191728,1.5,5.0,0.0,1.5,0.8,0.6,1.2,428,4.531983375549316,5.362354278564453,-0.3984457850456238,0.3774734139442444,1.248459815979004,2.1977627277374268,4.947168827056885,-0.010486185550689697,1.7231112718582153,0.8303709030151367,0.7759191989898682,0.9493029117584229,1,0,0,4.27908464727063,5.106388056847046,-0.46908779297766867,0.2868138417154771,1.260683536529541,2.159693717956543,4.692736352058838,-0.09113697563109581,1.710188627243042,0.827303409576416,0.7559016346931458,0.899010181427002
1789369163.300428391,29,3.0,-0.8882549610126975,1.5,5.0,0.0,1.5,0.8,0.6,1.2,410,4.532053470611572,5.346440315246582,-0.39803263545036316,0.37709635496139526,1.24864661693573,2.1904239654541016,4.939246892929077,-0.010468140244483948,1.7195352911949158,0.8143868446350098,0.7751289904117584,0.9417773485183716,1,0,0,4.284535048651378,5.111838458227794,-0.47339162399742113,0.2825100106957246,1.2543823719024658,2.1533925533294678,4.698186753439586,-0.09544080665084825,1.7038874626159668,0.827303409576416,0.7559016346931458,0.899010181427002
1789369163.400423050,30,3.0,-0.8807734329058992,1.5,5.0,0.0,1.5,0.8,0.6,1.2,410,4.534792423248291,5.346197128295898,-0.39934590458869934,0.377106636762619,1.2945964336395264,2.189574956893921,4.940494775772095,-0.011119633913040161,1.7420856952667236,0.8114047050476074,0.7764525413513184,0.8949785232543945,1,0,0,4.287787856177948,5.115091265754364,-0.4762301053155506,0.27967152937759515,1.2501088380813599,2.149119019508362,4.701439560966156,-0.09827928796897772,1.6996139287948608,0.827303409576416,0.7559016346931458,0.899010181427002
1789369163.500423431,31,3.0,-0.8730814585755755,1.5,5.0,0.0,1.5,0.8,0.6,1.2,391,4.5322651863098145,5.345947265625,-0.3980828821659088,0.37694114446640015,1.3275781869888306,2.1960859298706055,4.939106225967407,-0.010570868849754333,1.761832058429718,0.8136820793151855,0.775024026632309,0.8685077428817749,1,0,0,4.283870441011124,5.11117385058754,-0.4697742943271621,0.28612734036598364,1.2216928005218506,2.1207029819488525,4.697522145799332,-0.09182347698058922,1.6711978912353516,0.827303409576416,0.7559016346931458,0.899010181427002
1789369163.600373745,32,3.0,-0.8651840024484684,1.5,5.0,0.0,1.5,0.8,0.6,1.2,369,4.531879901885986,5.3625335693359375,-0.3988035023212433,0.37655821442604065,1.346129059791565,2.197948932647705,4.947206735610962,-0.011122643947601318,1.772038996219635,0.8306536674499512,0.7753617167472839,0.8518198728561401,1,0,0,4.279436960609096,5.106740370185512,-0.4673551555404041,0.2885464791527417,1.244390606880188,2.14340078830719,4.693088665397304,-0.08940433819383121,1.693895697593689,0.827303409576416,0.7559016346931458,0.899010181427002
1789369163.700399399,33,3.0,-0.8570753844376635,1.5,5.0,0.0,1.5,0.8,0.6,1.2,399,4.537482261657715,5.345427513122559,-0.3965182900428772,0.37657371163368225,1.2494239807128906,2.184560537338257,4.941454887390137,-0.009972289204597473,1.7169922590255737,0.8079452514648438,0.7730920016765594,0.9351365566253662,1,0,0,4.275497238695051,5.102800648271467,-0.4635733927561479,0.29232824193699786,1.2699854373931885,2.1689956188201904,4.689148943483259,-0.085622575409575,1.7194905281066895,0.827303409576416,0.7559016346931458,0.899010181427002
1789369163.800418854,34,3.0,-0.8487695575516111,1.5,5.0,0.0,1.5,0.8,0.6,1.2,376,4.531908988952637,5.34515905380249,-0.3979261517524719,0.37640380859375,1.220363736152649,2.195279836654663,4.9385340213775635,-0.010761171579360962,1.707821786403656,0.8132500648498535,0.7743299603462219,0.9749161005020142,1,0,0,4.276891341617644,5.10419475119406,-0.4615671138067015,0.29433452088644424,1.2916265726089478,2.1906367540359497,4.690543046405852,-0.08361629646012865,1.7411316633224487,0.827303409576416,0.7559016346931458,0.899010181427002
1789369163.900428534,35,3.0,-0.8402634277333314,1.5,5.0,0.0,1.5,0.8,0.6,1.2,430,4.531936168670654,5.362471580505371,-0.3961799144744873,0.37624073028564453,1.2631752490997314,2.1955223083496094,4.947203874588013,-0.009969592094421387,1.7293487787246704,0.8305354118347168,0.7724206447601318,0.9323470592498779,1,0,0,4.2781351932628375,5.1054386028392535,-0.46316552356241786,0.2927361111307279,1.2458115816116333,2.1448217630386353,4.6917868980510455,-0.08521470621584498,1.6953166723251343,0.827303409576416,0.7559016346931458,0.899010181427002
1789369164.000533581,36,3.0,-0.8315604195571008,1.5,5.0,0.0,1.5,0.8,0.6,1.2,462,4.534547805786133,5.344600200653076,-0.40158677101135254,0.37608298659324646,1.2209076881408691,2.193135976791382,4.9395740032196045,-0.01275189220905304,1.7070218324661255,0.8100523948669434,0.777669757604599,0.9722282886505127,1,0,0,4.285930769708466,5.113234179284882,-0.47726317144359076,0.278638463249555,1.243854284286499,2.142864465713501,4.699582474496674,-0.0993123540970179,1.693359375,0.827303409576416,0.7559016346931458,0.899010181427002
1789369164.100434065,37,3.0,-0.8226673714097049,1.5,5.0,0.0,1.5,0.8,0.6,1.2,411,4.538251876831055,5.344311237335205,-0.40047988295555115,0.3759315013885498,1.3021435737609863,2.191117763519287,4.94128155708313,-0.012274190783500671,1.7466306686401367,0.8060593605041504,0.776411384344101,0.8889741897583008,1,0,0,4.27219751211718,5.099500921693596,-0.46049204259447846,0.2954095920986673,1.2451499700546265,2.1441601514816284,4.685849216905388,-0.08254122524790558,1.6946550607681274,0.827303409576416,0.7559016346931458,0.899010181427002
1789369164.200422287,38,3.0,-0.8135831351198993,1.5,5.0,0.0,1.5,0.8,0.6,1.2,399,4.535313129425049,5.362201690673828,-0.3972315788269043,0.3757897913455963,1.3281834125518799,2.2023391723632812,4.9487574100494385,-0.010720893740653992,1.7652612924575806,0.8268885612487793,0.7730213701725006,0.8741557598114014,1,0,0,4.270470384240577,5.097773793816993,-0.4579339532699539,0.29796768142319185,1.2458853721618652,2.144895553588867,4.684122089028785,-0.07998313592338102,1.6953904628753662,0.827303409576416,0.7559016346931458,0.899010181427002
1789369164.300400972,39,3.0,-0.8043135291654318,1.5,5.0,0.0,1.5,0.8,0.6,1.2,395,4.535703659057617,5.362059593200684,-0.39821338653564453,0.3756568133831024,1.3339622020721436,2.2016656398773193,4.94888162612915,-0.011278286576271057,1.7678139209747314,0.8263559341430664,0.773870199918747,0.8677034378051758,1,0,0,4.2630557686138815,5.0903591781902975,-0.45643936785847283,0.2994622668346729,1.2390830516815186,2.1380932331085205,4.6767074734020895,-0.07848855051189993,1.6885881423950195,0.827303409576416,0.7559016346931458,0.899010181427002
1789369164.400440931,40,3.0,-0.7948557928691166,1.5,5.0,0.0,1.5,0.8,0.6,1.2,390,4.536098003387451,5.361889839172363,-0.39792925119400024,0.37553316354751587,1.292263150215149,2.1891989707946777,4.948993921279907,-0.011198043823242188,1.7407310605049133,0.8257918357849121,0.7734624147415161,0.8969358205795288,1,0,0,4.263489390784053,5.090792800360469,-0.45613842547918987,0.2997632092139559,1.267380714416504,2.166390895843506,4.677141095572261,-0.07818760813261698,1.7168858051300049,0.827303409576416,0.7559016346931458,0.899010181427002
