run_id,scene,motion,min_raylength,map,status
A1_plane_front,A1_plane,front,1.0,/home/jjm/桌面/小样本学习的去中心集群协同跟踪/marsim_ws/src/coni_mpc/test_data/depth_cbf_m25/A1_plane.pcd,PASS
A1_plane_parallel,A1_plane,parallel,1.0,/home/jjm/桌面/小样本学习的去中心集群协同跟踪/marsim_ws/src/coni_mpc/test_data/depth_cbf_m25/A1_plane.pcd,PASS
A1_plane_oblique,A1_plane,oblique,1.0,/home/jjm/桌面/小样本学习的去中心集群协同跟踪/marsim_ws/src/coni_mpc/test_data/depth_cbf_m25/A1_plane.pcd,PASS
A1_plane_switching,A1_plane,switching,1.0,/home/jjm/桌面/小样本学习的去中心集群协同跟踪/marsim_ws/src/coni_mpc/test_data/depth_cbf_m25/A1_plane.pcd,PASS
A2_cylinder_front,A2_cylinder,front,1.0,/home/jjm/桌面/小样本学习的去中心集群协同跟踪/marsim_ws/src/coni_mpc/test_data/depth_cbf_m25/A2_cylinder.pcd,PASS
A2_cylinder_parallel,A2_cylinder,parallel,1.0,/home/jjm/桌面/小样本学习的去中心集群协同跟踪/marsim_ws/src/coni_mpc/test_data/depth_cbf_m25/A2_cylinder.pcd,PASS
A2_cylinder_oblique,A2_cylinder,oblique,1.0,/home/jjm/桌面/小样本学习的去中心集群协同跟踪/marsim_ws/src/coni_mpc/test_data/depth_cbf_m25/A2_cylinder.pcd,PASS
A2_cylinder_switching,A2_cylinder,switching,1.0,/home/jjm/桌面/小样本学习的去中心集群协同跟踪/marsim_ws/src/coni_mpc/test_data/depth_cbf_m25/A2_cylinder.pcd,PASS
A3_corner_front,A3_corner,front,1.0,/home/jjm/桌面/小样本学习的去中心集群协同跟踪/marsim_ws/src/coni_mpc/test_data/depth_cbf_m25/A3_corner.pcd,PASS
A3_corner_parallel,A3_corner,parallel,1.0,/home/jjm/桌面/小样本学习的去中心集群协同跟踪/marsim_ws/src/coni_mpc/test_data/depth_cbf_m25/A3_corner.pcd,PASS
A3_corner_oblique,A3_corner,oblique,1.0,/home/jjm/桌面/小样本学习的去中心集群协同跟踪/marsim_ws/src/coni_mpc/test_data/depth_cbf_m25/A3_corner.pcd,PASS
A3_corner_switching,A3_corner,switching,1.0,/home/jjm/桌面/小样本学习的去中心集群协同跟踪/marsim_ws/src/coni_mpc/test_data/depth_cbf_m25/A3_corner.pcd,PASS
A4_switch_front,A4_switch,front,1.0,/home/jjm/桌面/小样本学习的去中心集群协同跟踪/marsim_ws/src/coni_mpc/test_data/depth_cbf_m25/A4_switch.pcd,PASS
A4_switch_parallel,A4_switch,parallel,1.0,/home/jjm/桌面/小样本学习的去中心集群协同跟踪/marsim_ws/src/coni_mpc/test_data/depth_cbf_m25/A4_switch.pcd,PASS
A4_switch_oblique,A4_switch,oblique,1.0,/home/jjm/桌面/小样本学习的去中心集群协同跟踪/marsim_ws/src/coni_mpc/test_data/depth_cbf_m25/A4_switch.pcd,PASS
A4_switch_switching,A4_switch,switching,1.0,/home/jjm/桌面/小样本学习的去中心集群协同跟踪/marsim_ws/src/coni_mpc/test_data/depth_cbf_m25/A4_switch.pcd,PASS
A2_cylinder_azimuth360,A2_cylinder,fov,1.0,/home/jjm/桌面/小样本学习的去中心集群协同跟踪/marsim_ws/src/coni_mpc/test_data/depth_cbf_m25/A2_cylinder.pcd,PASS
A1_plane_blind,A1_plane,blind,1.0,/home/jjm/桌面/小样本学习的去中心集群协同跟踪/marsim_ws/src/coni_mpc/test_data/depth_cbf_m25/A1_plane.pcd,PASS
official_small_forest,official,official,1.0,/home/jjm/桌面/小样本学习的去中心集群协同跟踪/marsim_ws/src/MARSIM/map_generator/resource/small_forest01cutoff.pcd,PASS
