scene,mean_signed_error,MAE,RMSE,median_abs_error,P95_abs_error,P99_abs_error,max_abs_error,sample_count,frames,table,fit_RMSE_mean,fit_RMSE_P95,fit_RMSE_max,fit_max_error_max,center_mean_signed,center_MAE,center_RMSE,center_P95_abs,center_max_abs,center_sample_count,mean_signed_shift,Max,tolerance,non_conservative_ratio,boundary_frames,mean_gradient_angle,median_gradient_angle,P95_angle,max_angle,gradient_samples,raw_jump_mean,raw_jump_P95,raw_jump_max,fit_jump_mean,fit_jump_P95,fit_jump_max,preprocess_mean,preprocess_median,preprocess_P95,preprocess_P99,preprocess_max,depth_cbf_mean,depth_cbf_median,depth_cbf_P95,depth_cbf_P99,depth_cbf_max,pipeline_mean,pipeline_median,pipeline_P95,pipeline_P99,pipeline_max,gt10ms_count,gt10ms_rate,gt20ms_count,gt20ms_rate,valid_rate,VALID_count,VALID_rate,EMPTY_CLOUD_count,EMPTY_CLOUD_rate,INSUFFICIENT_SUPPORT_count,INSUFFICIENT_SUPPORT_rate,RANK_DEFICIENT_count,RANK_DEFICIENT_rate,CONDITION_NUMBER_FAIL_count,CONDITION_NUMBER_FAIL_rate,RMSE_FAIL_count,RMSE_FAIL_rate,MAX_ERROR_FAIL_count,MAX_ERROR_FAIL_rate,SYNC_REJECT_count,SYNC_REJECT_rate
A1_plane,0.046479096266122504,0.046484628132327586,0.1642869769036825,3.81469726562e-06,0.5254366280496003,0.7005256517973001,0.702269302371,355.0,355.0,1,,,,,,,,,,,,,,,,,,,,,,,,,,,,,,,,,,,,,,,,,,,,,,,,,,,,,,,,,,,,,,
A2_cylinder,0.059131743319654484,0.06115000686588905,0.12904988781875576,0.00217739313384,0.323707795349,0.400058150504,0.401682653033,355.0,355.0,1,,,,,,,,,,,,,,,,,,,,,,,,,,,,,,,,,,,,,,,,,,,,,,,,,,,,,,,,,,,,,,
A3_corner,2.5918053442296363e-05,3.6438692994074484e-05,8.845393459211027e-05,6.19888305597e-06,0.0002237203448226,0.0003090696902700107,0.000455109780624,284.0,284.0,1,,,,,,,,,,,,,,,,,,,,,,,,,,,,,,,,,,,,,,,,,,,,,,,,,,,,,,,,,,,,,,
A4_switch,0.008545150996071824,0.014356741455495006,0.03491515490016479,0.00324025414421,0.100083870512,0.14430122457623004,0.149996270783,284.0,284.0,1,,,,,,,,,,,,,,,,,,,,,,,,,,,,,,,,,,,,,,,,,,,,,,,,,,,,,,,,,,,,,,
official,0.18010536297311583,0.1994774070449558,0.27289316872197156,0.124724962895,0.481874174408,0.48195955326762,0.482125288701,67.0,67.0,1,,,,,,,,,,,,,,,,,,,,,,,,,,,,,,,,,,,,,,,,,,,,,,,,,,,,,,,,,,,,,,
A1_plane,,,,,,,,,,2,0.008920647675321181,0.055961490558160014,0.0617438548047,0.141041828837,-0.012592753106242104,0.012604575024230727,0.03363753971938389,0.1103448699677,0.135055511066,355.0,,,,,,,,,,,,,,,,,,,,,,,,,,,,,,,,,,,,,,,,,,,,,,,,,,,,
A2_cylinder,,,,,,,,,,2,0.013163285560889379,0.039131038255090005,0.0477097385562,0.130221939104,-0.022773301864487686,0.022842014630125737,0.03965317692274173,0.09621569207568002,0.111788316148,355.0,,,,,,,,,,,,,,,,,,,,,,,,,,,,,,,,,,,,,,,,,,,,,,,,,,,,
A3_corner,,,,,,,,,,2,0.07657168187523744,0.12747341256455,0.127738611648,0.28315697779,-0.12700110669299372,0.1362599917638254,0.17485531152505265,0.2781790825709,0.280146173205,284.0,,,,,,,,,,,,,,,,,,,,,,,,,,,,,,,,,,,,,,,,,,,,,,,,,,,,
A4_switch,,,,,,,,,,2,0.00918954984217236,0.025081460185824994,0.0742661902651,0.142526971817,-0.007534038275061144,0.008487070133029654,0.016961825492903523,0.04788291433879493,0.061931555169,284.0,,,,,,,,,,,,,,,,,,,,,,,,,,,,,,,,,,,,,,,,,,,,,,,,,,,,
official,,,,,,,,,,2,0.048132073484685074,0.06634060937312,0.0721945022617,0.187377852576,-0.1148235591263955,0.1148235591263955,0.12423233526655589,0.1759708075762,0.187377852576,67.0,,,,,,,,,,,,,,,,,,,,,,,,,,,,,,,,,,,,,,,,,,,,,,,,,,,,
A1_plane,,0.028746872477786116,0.08812980503164757,,0.3175195931651,,,,,3,,,,,,,,,,,-0.026732967900421265,0.376903749718,0.001,0.21690140845070421,355.0,,,,,,,,,,,,,,,,,,,,,,,,,,,,,,,,,,,,,,,,,,,,,,,
A2_cylinder,,0.04075041127645976,0.05477926877851642,,0.13729541996229994,,,,,3,,,,,,,,,,,-0.026704860486851268,0.212293303716,0.001,0.22157434402332363,343.0,,,,,,,,,,,,,,,,,,,,,,,,,,,,,,,,,,,,,,,,,,,,,,,
A3_corner,,0.5932890964278624,0.7065121121338618,,1.1131239182869999,,,,,3,,,,,,,,,,,-0.593096725615461,1.12577344156,0.001,0.01056338028169014,284.0,,,,,,,,,,,,,,,,,,,,,,,,,,,,,,,,,,,,,,,,,,,,,,,
A4_switch,,0.052865089778822996,0.10527073190939276,,0.11291413653730001,,,,,3,,,,,,,,,,,-0.03540766468600696,0.693188939046,0.001,0.23214285714285715,280.0,,,,,,,,,,,,,,,,,,,,,,,,,,,,,,,,,,,,,,,,,,,,,,,
official,,0.29311728632722234,0.29883436063842483,,0.374841724554,,,,,3,,,,,,,,,,,-0.2889786388806552,0.38393585605,0.001,0.014925373134328358,67.0,,,,,,,,,,,,,,,,,,,,,,,,,,,,,,,,,,,,,,,,,,,,,,,
A1_plane,,,,,,,,,,4,,,,,,,,,,,,,,,,5.806465126259844,1.43673567129,48.891424944230025,76.9981137178,355.0,5.784510226544158,33.20663154560007,131.893345204,0.5348676196709244,2.147287420056501,11.1661058737,,,,,,,,,,,,,,,,,,,,,,,,,,,,,,,,,,,,
A2_cylinder,,,,,,,,,,4,,,,,,,,,,,,,,,,9.024690108349636,3.23962215377,34.09223046706001,40.8229604204,355.0,9.973590399105214,53.16494267495002,74.618988738,1.2369190680525077,4.1582505017425015,6.78078288833,,,,,,,,,,,,,,,,,,,,,,,,,,,,,,,,,,,,
A3_corner,,,,,,,,,,4,,,,,,,,,,,,,,,,28.156365260494926,40.791767931,45.80840074911,46.5707203411,284.0,22.27945017251466,90.673854536555,91.9883186317,0.43299639160459247,1.761435803020001,2.1600702872,,,,,,,,,,,,,,,,,,,,,,,,,,,,,,,,,,,,
A4_switch,,,,,,,,,,4,,,,,,,,,,,,,,,,4.251318956262155,2.01112851344,18.56417408504999,30.0597431809,284.0,5.6072296857473,21.218575611185003,81.7167977433,2.3981748563168375,6.045112894855501,30.0292679145,,,,,,,,,,,,,,,,,,,,,,,,,,,,,,,,,,,,
official,,,,,,,,,,4,,,,,,,,,,,,,,,,46.40844609530746,43.2969523532,77.67752091800999,89.2717301502,67.0,54.45387627679085,127.27881234649999,148.533905431,3.0696495201573333,5.558591314865,13.8923745084,,,,,,,,,,,,,,,,,,,,,,,,,,,,,,,,,,,,
A1_plane,,,,,,,,355.0,,5,,,,,,,,,,,,,,,,,,,,,,,,,,,0.5851136845070422,0.5051,1.183251,1.3596873999999994,1.700354,0.5230172366197182,0.468973,1.1051859,1.5039228999999998,1.808687,1.1081309211267607,1.017636,2.2549662,2.80381438,3.156442,0.0,0.0,0.0,0.0,,,,,,,,,,,,,,,,,
A2_cylinder,,,,,,,,355.0,,5,,,,,,,,,,,,,,,,,,,,,,,,,,,0.3924217042253521,0.388184,0.7691567,0.8256451999999999,0.933142,0.529079752112676,0.554602,1.0454678000000002,1.2003060599999997,1.230392,0.9215014563380282,0.975247,1.7629979000000002,1.9411207799999997,2.00896,0.0,0.0,0.0,0.0,,,,,,,,,,,,,,,,,
A3_corner,,,,,,,,284.0,,5,,,,,,,,,,,,,,,,,,,,,,,,,,,0.6183474823943662,0.5513775000000001,1.0150298499999995,1.3310472600000016,1.618643,1.042522661971831,0.843513,2.1162702499999995,2.9582838000000065,6.007796,1.6608701443661973,1.398028,2.9941545499999984,4.0560182700000045,7.626439,0.0,0.0,0.0,0.0,,,,,,,,,,,,,,,,,
A4_switch,,,,,,,,284.0,,5,,,,,,,,,,,,,,,,,,,,,,,,,,,0.5176149929577465,0.5067010000000001,0.87068535,0.9591539700000002,1.121962,0.6240708063380281,0.6367535,1.1168797999999993,1.2425300000000004,1.4711,1.1416857992957747,1.13057,1.8470635499999999,2.147693020000001,2.394796,0.0,0.0,0.0,0.0,,,,,,,,,,,,,,,,,
official,,,,,,,,67.0,,5,,,,,,,,,,,,,,,,,,,,,,,,,,,0.41242704477611936,0.410357,0.5838876,0.6294503,0.640535,0.2934599402985074,0.284598,0.48079539999999993,0.52068948,0.535191,0.7058869850746269,0.692641,1.0744946,1.1212143,1.128999,0.0,0.0,0.0,0.0,,,,,,,,,,,,,,,,,
A1_plane,,,,,,,,,355.0,6,,,,,,,,,,,,,,,,,,,,,,,,,,,,,,,,,,,,,,,,,,,,,,1.0,355.0,1.0,0.0,0.0,0.0,0.0,0.0,0.0,0.0,0.0,0.0,0.0,0.0,0.0,0.0,0.0
A2_cylinder,,,,,,,,,355.0,6,,,,,,,,,,,,,,,,,,,,,,,,,,,,,,,,,,,,,,,,,,,,,,1.0,355.0,1.0,0.0,0.0,0.0,0.0,0.0,0.0,0.0,0.0,0.0,0.0,0.0,0.0,0.0,0.0
A3_corner,,,,,,,,,284.0,6,,,,,,,,,,,,,,,,,,,,,,,,,,,,,,,,,,,,,,,,,,,,,,1.0,284.0,1.0,0.0,0.0,0.0,0.0,0.0,0.0,0.0,0.0,0.0,0.0,0.0,0.0,0.0,0.0
A4_switch,,,,,,,,,284.0,6,,,,,,,,,,,,,,,,,,,,,,,,,,,,,,,,,,,,,,,,,,,,,,1.0,284.0,1.0,0.0,0.0,0.0,0.0,0.0,0.0,0.0,0.0,0.0,0.0,0.0,0.0,0.0,0.0
official,,,,,,,,,67.0,6,,,,,,,,,,,,,,,,,,,,,,,,,,,,,,,,,,,,,,,,,,,,,,1.0,67.0,1.0,0.0,0.0,0.0,0.0,0.0,0.0,0.0,0.0,0.0,0.0,0.0,0.0,0.0,0.0
