run_id,scene,motion,frame_index,t_cloud,t_quad,t_car,dt_quad,dt_car,sync_valid,raw_point_count,world_point_count,local_point_count,valid,failure_reason,uav_x,uav_y,uav_z,uav_yaw_deg,d_lidar,d_GT,abs_d_lidar_d_GT,h_raw,h_fit,abs_h_fit_h_raw,qstar_x,qstar_y,qstar_z,boundary_valid,s_raw,s_fit,signed_boundary_shift,nraw_x,nraw_y,nraw_z,nfit_x,nfit_y,nfit_z,gradient_angle_deg,raw_gradient_jump_deg,fit_gradient_jump_deg,nearest_obstacle_id,nearest_changed,rmse,max_abs_error,condition_number,rank,T_preprocess_ms,T_kdtree_build_ms,T_query_generation_ms,T_nearest_neighbor_query_ms,T_regression_ms,T_depth_cbf_total_ms,min_raylength,yaw_fov_deg,vertical_fov_deg,p_uav_N_x,p_uav_N_y,p_uav_N_z,distance_valid,distance_signed_error,h_center_valid,h_center_error,gradient_valid,boundary_abs_error,expected_obstacle_bearing_deg,query_ms,pipeline_ms,cloud_stamp,quad_stamp,car_stamp,quad_cloud_offset_ms,car_cloud_offset_ms,non_conservative_tolerance
A2_cylinder_parallel,A2_cylinder,parallel,0,1789300097.93,1789300097.93,1789300097.93,0,0,1,92126,92126,841,1,VALID,3.2,-1.6,1.5,41.6335393366,1.40686682841,1.40831891576,0.00145208735013,1.96535018921,1.95875583942,0.00659434979303,4.24161195755,-0.651069283485,1.54924762249,1,1.25991148587,1.29455391034,0.0346424244684,-0.738778279934,-0.673042775135,-0.0349295854087,-0.747945059203,-0.663760619723,0.000167682951146,2.14547282978,nan,nan,0,0,0.00302967180585,0.00742515775136,26.7222192849,10,5.45523,0.067029,0.001394,0.105203,0.024873,0.205136,0.1,360,60,3.2,-1.6,1.5,1,-0.00145208735013,1,-0.00659434979303,1,0.0346424244684,-1.42108547152e-14,0.106597,5.660366,1789300097.93,1789300097.93,1789300097.93,0,0,0.001
A2_cylinder_parallel,A2_cylinder,parallel,1,1789300098.03,1789300098.03,1789300098.03,0,0,1,92126,92126,840,1,VALID,3.2,-1.6,1.5,41.6335393366,1.40686682841,1.40831891576,0.00145208735013,1.96533671856,1.95875544439,0.00658127416883,4.24160528183,-0.651069104671,1.54924762249,1,1.25990674715,1.29453821756,0.0346314704042,-0.73877606626,-0.673045198822,-0.0349297046112,-0.747944775085,-0.663760939818,0.000167917654154,2.14554879915,0.000188194642814,2.79537539276e-05,0,0,0.00303008403698,0.00743312644958,26.7222192849,10,4.938776,0.054614,0.001367,0.100303,0.021044,0.184152,0.1,360,60,3.2,-1.6,1.5,1,-0.00145208735013,1,-0.00658127416883,1,0.0346314704042,-1.42108547152e-14,0.10167,5.122928,1789300098.03,1789300098.03,1789300098.03,0,0,0.001
A2_cylinder_parallel,A2_cylinder,parallel,2,1789300098.13,1789300098.13,1789300098.13,0,0,1,92126,92126,841,1,VALID,3.2,-1.6,1.5,41.6335393366,1.40686682841,1.40831891576,0.00145208735013,1.96535471916,1.95875662708,0.00659809207916,4.2416138649,-0.651069045067,1.54924726486,1,1.25991315197,1.29457220417,0.0346590522041,-0.738778816854,-0.67304220094,-0.0349292931806,-0.747944990133,-0.663760697666,0.000167238569657,2.14541549693,0.000234299818573,4.30965452288e-05,0,0,0.00303023266484,0.00742518792834,26.7222192849,10,4.80057,0.053246,0.001441,0.105435,0.02233,0.189331,0.1,360,60,3.2,-1.6,1.5,1,-0.00145208735013,1,-0.00659809207916,1,0.0346590522041,-1.42108547152e-14,0.106876,4.989901,1789300098.13,1789300098.13,1789300098.13,0,0,0.001
A2_cylinder_parallel,A2_cylinder,parallel,3,1789300098.23,1789300098.23,1789300098.23,0,0,1,92126,92126,841,1,VALID,3.2,-1.6,1.5,41.6335393366,1.40686682841,1.40831891576,0.00145208735013,1.96534458637,1.95875617708,0.00658840928759,4.24160957336,-0.651069641113,1.54924726486,1,1.25990934229,1.29454188911,0.0346325468224,-0.73877764453,-0.673043483171,-0.0349293816654,-0.747946498978,-0.663758996661,0.000170347093035,2.14566722306,9.96687031879e-05,0.000220663740854,0,0,0.00302948018199,0.00742551851273,26.7222192849,10,5.017851,0.052851,0.001367,0.10057,0.021366,0.182692,0.1,360,60,3.2,-1.6,1.5,1,-0.00145208735013,1,-0.00658840928759,1,0.0346325468224,-1.42108547152e-14,0.101937,5.200543,1789300098.23,1789300098.23,1789300098.23,0,0,0.001
A2_cylinder_parallel,A2_cylinder,parallel,4,1789300098.33,1789300098.33,1789300098.33,0,0,1,92126,92126,842,1,VALID,3.2,-1.6,1.5,41.6335393366,1.40686682841,1.40831891576,0.00145208735013,1.96534255981,1.95875560917,0.00658695064272,4.24160814285,-0.651069164276,1.54924726486,1,1.25990857951,1.29456764165,0.034659062146,-0.73877701552,-0.673044172668,-0.0349293998966,-0.747945438703,-0.663760192075,0.00016775075284,2.14551550292,5.34751361787e-05,0.000174669235044,0,0,0.00303031427595,0.00743085125514,26.7222192849,10,5.730564,0.052855,0.001372,0.102659,0.020956,0.184498,0.1,360,60,3.2,-1.6,1.5,1,-0.00145208735013,1,-0.00658695064272,1,0.034659062146,-1.42108547152e-14,0.104031,5.915062,1789300098.33,1789300098.33,1789300098.33,0,0,0.001
A2_cylinder_parallel,A2_cylinder,parallel,5,1789300098.43,1789300098.43,1789300098.43,0,0,1,92126,92126,842,1,VALID,3.2,-1.6,1.5,41.6335393366,1.40686682841,1.40831891576,0.00145208735013,1.9653475666,1.95875707769,0.00659048891068,4.24161052704,-0.651069104671,1.54924738407,1,1.25991043558,1.29457064218,0.0346602066001,-0.738777760392,-0.67304335298,-0.0349294397138,-0.747945076526,-0.663760600158,0.000167865805447,2.14549084496,6.34899976205e-05,3.1933873633e-05,0,0,0.00303003454062,0.0074315262522,26.7222192849,10,5.047907,0.052483,0.001359,0.099592,0.021545,0.181522,0.1,360,60,3.2,-1.6,1.5,1,-0.00145208735013,1,-0.00659048891068,1,0.0346602066001,-1.42108547152e-14,0.100951,5.229429,1789300098.43,1789300098.43,1789300098.43,0,0,0.001
A2_cylinder_parallel,A2_cylinder,parallel,6,1789300098.53,1789300098.53,1789300098.53,0,0,1,92126,92126,841,1,VALID,3.2,-1.6,1.5,41.6335393366,1.40686682841,1.40831891576,0.00145208735013,1.96534887791,1.95875633076,0.00659254714421,4.24161100388,-0.651068985462,1.54924714565,1,1.2599108833,1.29457805675,0.0346671734489,-0.738777876329,-0.673043235041,-0.0349292601031,-0.747944252304,-0.663761528783,0.00016838476528,2.1454810157,1.40029289472e-05,7.71000620967e-05,0,0,0.00303029464376,0.00742700249808,26.7222192849,10,4.925221,0.054907,0.001454,0.106033,0.021355,0.190677,0.1,360,60,3.2,-1.6,1.5,1,-0.00145208735013,1,-0.00659254714421,1,0.0346671734489,-1.42108547152e-14,0.107487,5.115898,1789300098.53,1789300098.53,1789300098.53,0,0,0.001
A2_cylinder_parallel,A2_cylinder,parallel,7,1789300098.63,1789300098.63,1789300098.63,0,0,1,92126,92126,841,1,VALID,3.2,-1.6,1.5,41.6335393366,1.40686682841,1.40831891576,0.00145208735013,1.96533266544,1.95875505604,0.00657760940279,4.24160385132,-0.651069641113,1.54924738407,1,1.25990538789,1.29454192958,0.0346365416943,-0.738775798961,-0.673045499167,-0.0349295708421,-0.747945020128,-0.663760663454,0.000168866912283,2.14560798578,0.000176955787817,7.18033280725e-05,0,0,0.00302921340951,0.0074336066246,26.7222192849,10,5.593395,0.052675,0.001398,0.099575,0.021356,0.181552,0.1,360,60,3.2,-1.6,1.5,1,-0.00145208735013,1,-0.00657760940279,1,0.0346365416943,-1.42108547152e-14,0.100973,5.774947,1789300098.63,1789300098.63,1789300098.63,0,0,0.001
A2_cylinder_parallel,A2_cylinder,parallel,8,1789300098.73,1789300098.73,1789300098.73,0,0,1,92126,92126,841,1,VALID,3.2,-1.6,1.5,41.6335393366,1.40686682841,1.40831891576,0.00145208735013,1.96534017563,1.9587554213,0.00658475433077,4.24160718918,-0.65106934309,1.5492477417,1,1.25990782898,1.29452391578,0.0346160867946,-0.738776762624,-0.673044431672,-0.0349297581248,-0.747945282625,-0.663760367763,0.000168480572216,2.1455764886,8.30972236357e-05,3.16587741183e-05,0,0,0.00302976820452,0.0074275289263,26.7222192849,10,8.225544,0.058162,0.001391,0.101253,0.021256,0.188511,0.1,360,60,3.2,-1.6,1.5,1,-0.00145208735013,1,-0.00658475433077,1,0.0346160867946,-1.42108547152e-14,0.102644,8.414055,1789300098.73,1789300098.73,1789300098.73,0,0,0.001
A2_cylinder_parallel,A2_cylinder,parallel,9,1789300098.83,1789300098.83,1789300098.83,0,0,1,92126,92126,841,1,VALID,3.2,-1.6,1.5,41.6335393366,1.40686682841,1.40831891576,0.00145208735013,1.965344944,1.95875594064,0.00658900335857,4.24160909653,-0.651068925858,1.54924786091,1,1.25990940879,1.29451542823,0.0346060194394,-0.738777227758,-0.6730439189,-0.0349298007058,-0.747944770519,-0.663760944717,0.000168882104625,2.14557115033,3.97348859939e-05,4.9819722399e-05,0,0,0.0030300068086,0.00743460130692,26.7222192849,10,4.905537,0.051861,0.001374,0.099863,0.024846,0.18442,0.1,360,60,3.2,-1.6,1.5,1,-0.00145208735013,1,-0.00658900335857,1,0.0346060194394,-1.42108547152e-14,0.101237,5.089957,1789300098.83,1789300098.83,1789300098.83,0,0,0.001
A2_cylinder_parallel,A2_cylinder,parallel,10,1789300098.93,1789300098.93,1789300098.93,0,0,1,92126,92126,842,1,VALID,3.2,-1.6,1.5,41.6335393366,1.40686682841,1.40831891576,0.00145208735013,1.96534601688,1.95875651033,0.00658950655801,4.24160957336,-0.651068925858,1.54924750328,1,1.25990977991,1.29457320733,0.0346634274179,-0.738777387919,-0.673043756698,-0.0349295386348,-0.747945153135,-0.663760513419,0.000169492664009,2.14559681339,1.98766132919e-05,4.81077017632e-05,0,0,0.00303058087623,0.00743875149318,26.7222192849,10,5.959356,0.054148,0.001369,0.10307,0.020467,0.185628,0.1,360,60,3.2,-1.6,1.5,1,-0.00145208735013,1,-0.00658950655801,1,0.0346634274179,-1.42108547152e-14,0.104439,6.144984,1789300098.93,1789300098.93,1789300098.93,0,0,0.001
A2_cylinder_parallel,A2_cylinder,parallel,11,1789300099.03,1789300099.03,1789300099.03,0,0,1,92126,92126,841,1,VALID,3.2,-1.6,1.5,41.6335393366,1.40686682841,1.40831891576,0.00145208735013,1.96533946037,1.95875741884,0.00658204153606,4.24160671234,-0.651069223881,1.54924702644,1,1.2599075824,1.2945826742,0.0346750918009,-0.738776580058,-0.673044658014,-0.0349292581767,-0.747944377712,-0.663761387622,0.000167784585221,2.14549084027,7.11813776962e-05,0.00011857622,0,0,0.00302976374865,0.00743114648547,26.7222192849,10,4.887703,0.053803,0.001378,0.101634,0.021458,0.184901,0.1,360,60,3.2,-1.6,1.5,1,-0.00145208735013,1,-0.00658204153606,1,0.0346750918009,-1.42108547152e-14,0.103012,5.072604,1789300099.03,1789300099.03,1789300099.03,0,0,0.001
A2_cylinder_parallel,A2_cylinder,parallel,12,1789300099.13,1789300099.13,1789300099.13,0,0,1,92126,92126,841,1,VALID,3.2,-1.6,1.5,41.6335393366,1.40686682841,1.40831891576,0.00145208735013,1.96534029484,1.95875632191,0.00658397293091,4.24160671234,-0.651068806648,1.5492477417,1,1.25990792162,1.29453269836,0.0346247767373,-0.738776419822,-0.673044807964,-0.0349297579075,-0.747945060986,-0.66376061715,0.000169903732463,2.14565642395,3.12532470042e-05,0.000134993466419,0,0,0.00302975210352,0.00743622997829,26.7222192849,10,6.290695,0.055171,0.001527,0.105106,0.022423,0.191426,0.1,360,60,3.2,-1.6,1.5,1,-0.00145208735013,1,-0.00658397293091,1,0.0346247767373,-1.42108547152e-14,0.106633,6.482121,1789300099.13,1789300099.13,1789300099.13,0,0,0.001
A2_cylinder_parallel,A2_cylinder,parallel,13,1789300099.23,1789300099.23,1789300099.23,0,0,1,92126,92126,841,1,VALID,3.2,-1.6,1.5,41.6335393366,1.40686682841,1.40831891576,0.00145208735013,1.96535340786,1.95875769431,0.0065957135473,4.24161338806,-0.651069223881,1.54924833775,1,1.25991269445,1.29459853471,0.034685840268,-0.738778706665,-0.67304228184,-0.0349300649186,-0.747945599098,-0.663760011188,0.000168339125407,2.14553705804,0.000196027990954,0.000100951287694,0,0,0.0030304865608,0.00743634830202,26.7222192849,10,4.955585,0.055189,0.001382,0.101314,0.022254,0.186649,0.1,360,60,3.2,-1.6,1.5,1,-0.00145208735013,1,-0.0065957135473,1,0.034685840268,-1.42108547152e-14,0.102696,5.142234,1789300099.23,1789300099.23,1789300099.23,0,0,0.001
A2_cylinder_parallel,A2_cylinder,parallel,14,1789300099.33,1789300099.33,1789300099.33,0,0,1,92126,92126,840,1,VALID,3.2,-1.6,1.5,41.6335393366,1.40686682841,1.40831891576,0.00145208735013,1.96535102367,1.95875777013,0.0065932535444,4.24161195755,-0.651068866253,1.5492477417,1,1.25991174053,1.2945728841,0.0346611435694,-0.738778130608,-0.673042935024,-0.0349296628994,-0.74794556193,-0.663760053022,0.000168524153596,2.14554164772,5.49541141855e-05,1.1066171233e-05,0,0,0.00303045814242,0.00743370226451,26.7222192849,10,4.887402,0.05307,0.001395,0.103419,0.021077,0.185445,0.1,360,60,3.2,-1.6,1.5,1,-0.00145208735013,1,-0.0065932535444,1,0.0346611435694,-1.42108547152e-14,0.104814,5.072847,1789300099.33,1789300099.33,1789300099.33,0,0,0.001
A2_cylinder_parallel,A2_cylinder,parallel,15,1789300099.43,1789300099.43,1789300099.43,0,0,1,92126,92126,858,1,VALID,3.2,-1.59938667856,1.5,41.6226317474,1.40644041899,1.40791149081,0.00147107181717,1.96417371273,1.95757577842,0.00659793431418,4.24148035049,-0.650930821896,1.54923284054,1,1.25949410896,1.29430290783,0.034808798867,-0.738903644683,-0.672905147924,-0.0349294399019,-0.748058829909,-0.663632393477,0.000182547176951,2.14596751939,0.0106790353214,0.00981134636244,0,0,0.00303154219568,0.00751718936648,26.7222192849,10,4.826422,0.054169,0.001382,0.100948,0.02038,0.183756,0.1,360,60,3.2,-1.59938667856,1.5,1,-0.00147107181717,1,-0.00659793431418,1,0.034808798867,7.1054273576e-15,0.10233,5.010178,1789300099.43,1789300099.43,1789300099.43,0,0,0.001
A2_cylinder_parallel,A2_cylinder,parallel,16,1789300099.53,1789300099.53,1789300099.53,0,0,1,92573,92573,866,1,VALID,3.2,-1.59259461587,1.5,41.501591559,1.40242591417,1.4034054195,0.000979505327971,1.95150426865,1.9481389763,0.00336529234477,4.24076271057,-0.650167286396,1.44854056835,1,1.25499267427,1.23866163776,-0.0163310365133,-0.74076024948,-0.670770288563,0.0366261214383,-0.751692673908,-0.659513547582,-6.74475134512e-05,2.28671292464,4.10391235008,0.315034513181,0,0,0.00374980119865,0.00928634745734,26.7222192849,10,5.041852,0.054028,0.001392,0.095944,0.020924,0.178967,0.1,360,60,3.2,-1.59259461587,1.5,1,-0.000979505327971,1,-0.00336529234477,1,0.0163310365133,0,0.097336,5.220819,1789300099.53,1789300099.53,1789300099.53,0,0,0.001
A2_cylinder_parallel,A2_cylinder,parallel,17,1789300099.63,1789300099.63,1789300099.63,0,0,1,92586,92586,826,1,VALID,3.2,-1.57857727041,1.5,41.2503533247,1.3926905301,1.39413997056,0.00144944046819,1.92520276546,1.9180056025,0.00719716296877,4.24107122421,-0.650532066822,1.44895362854,0,1.24560136749,nan,nan,-0.745966087148,-0.664978757567,0.0365766156008,-0.751688204262,-0.659518643601,-4.81318661116e-05,2.14694241465,0.446191538361,0.00117287245937,0,0,0.00323643104,0.00719716296877,26.7222192849,10,5.431315,0.067317,0.001444,0.10928,0.027736,0.213042,0.1,360,60,3.2,-1.57857727041,1.5,1,-0.00144944046819,1,-0.00719716296877,1,nan,2.13162820728e-14,0.110724,5.644357,1789300099.63,1789300099.63,1789300099.63,0,0,0.001
A2_cylinder_parallel,A2_cylinder,parallel,18,1789300099.73,1789300099.73,1789300099.73,0,0,1,93344,93344,851,1,VALID,3.2,-1.55760170709,1.5,40.8707592642,1.37813980592,1.38036196363,0.00222215771342,1.88658169746,1.88372235462,0.00285934284755,4.24095630646,-0.650449812412,1.44933104515,1,1.23169516475,1.26873630108,0.037041136335,-0.753390633583,-0.656549882492,0.0366715833893,-0.758446982185,-0.651734735354,9.97364718883e-05,2.13338314202,0.643603188931,0.590711187356,0,0,0.00358381346804,0.00866719048364,26.7222192849,10,7.26758,0.068748,0.001555,0.112804,0.020029,0.210543,0.1,360,60,3.2,-1.55760170709,1.5,1,-0.00222215771342,1,-0.00285934284755,1,0.037041136335,-7.1054273576e-15,0.114359,7.478123,1789300099.73,1789300099.73,1789300099.73,0,0,0.001
A2_cylinder_parallel,A2_cylinder,parallel,19,1789300099.83,1789300099.83,1789300099.83,0,0,1,94124,94124,834,1,VALID,3.2,-1.52994669686,1.5,40.3635515418,1.35998640987,1.36235833337,0.0023719234953,1.8371457243,1.83110462986,0.00604109443937,4.24139738083,-0.650954604149,1.44989800453,1,1.21368824657,1.29397136584,0.0802831192651,-0.763662320225,-0.644569645879,0.0367400636985,-0.762320186814,-0.647200056687,0.0001392821441,2.10400300675,0.904191073472,0.341699530095,0,0,0.00268160379723,0.00604109443937,26.7222192849,10,4.982917,0.051395,0.001363,0.101221,0.021513,0.181987,0.1,360,60,3.2,-1.52994669686,1.5,1,-0.0023719234953,1,-0.00604109443937,1,0.0802831192651,7.1054273576e-15,0.102584,5.164904,1789300099.83,1789300099.83,1789300099.83,0,0,0.001
A2_cylinder_parallel,A2_cylinder,parallel,20,1789300099.93,1789300099.93,1789300099.93,0,0,1,95090,95090,806,1,VALID,3.2,-1.49603609905,1.5,39.7310265329,1.33746189312,1.34053925617,0.00307736305002,1.77879063129,1.77245047004,0.00634016125543,4.19752025604,-0.600036859512,1.44143819809,1,1.19212173633,1.25150487965,0.0593831433251,-0.743241258444,-0.667599077137,0.0436337478712,-0.769524167254,-0.638617687286,-7.41377650769e-05,3.36149935586,1.80729802633,0.642125080118,0,0,0.00281341316381,0.00634016125543,26.7222192849,10,5.179527,0.056862,0.001638,0.11979,0.023617,0.209644,0.1,360,60,3.2,-1.49603609905,1.5,1,-0.00307736305002,1,-0.00634016125543,1,0.0593831433251,0,0.121428,5.389171,1789300099.93,1789300099.93,1789300099.93,0,0,0.001
A2_cylinder_parallel,A2_cylinder,parallel,21,1789300100.03,1789300100.03,1789300100.03,0,0,1,96215,96215,821,1,VALID,3.2,-1.45609978329,1.5,38.9709306675,1.31219992126,1.31521631363,0.00301639237045,1.70804230213,1.70578859506,0.00225370706831,4.19851922989,-0.601143956184,1.44947934151,1,1.16550095801,1.18372190169,0.0182209436836,-0.759041120142,-0.649908994494,0.0384041248932,-0.778065835934,-0.62818273603,7.14581147387e-05,2.7500814616,1.39165375897,0.772691031544,0,0,0.00270398701709,0.00575365321977,26.7222192849,10,7.024392,0.074872,0.002008,0.179368,0.034556,0.300227,0.1,360,60,3.2,-1.45609978329,1.5,1,-0.00301639237045,1,-0.00225370706831,1,0.0182209436836,2.13162820728e-14,0.181376,7.324619,1789300100.03,1789300100.03,1789300100.03,0,0,0.001
A2_cylinder_parallel,A2_cylinder,parallel,22,1789300100.13,1789300100.13,1789300100.13,0,0,1,97660,97660,875,1,VALID,3.2,-1.4104326141,1.5,38.0813148644,1.28371534758,1.2867706835,0.00305533592436,1.63095489979,1.63163656323,0.000681663445064,4.19783687592,-0.600052773952,1.53257393837,1,1.13586735087,1.13591367977,4.63289006771e-05,-0.776002932885,-0.630220377586,-0.0253322685507,-0.787852527746,-0.615863913341,-0.000186461474432,1.79264607315,3.94449057091,0.90157482608,0,0,0.00301704907361,0.00643984399523,26.7222192849,10,5.21543,0.055261,0.001378,0.100739,0.021305,0.185177,0.1,360,60,3.2,-1.4104326141,1.5,1,-0.00305533592436,1,0.000681663445064,1,4.63289006771e-05,-7.1054273576e-15,0.102117,5.400607,1789300100.13,1789300100.13,1789300100.13,0,0,0.001
A2_cylinder_parallel,A2_cylinder,parallel,23,1789300100.23,1789300100.23,1789300100.23,0,0,1,98896,98896,745,1,VALID,3.2,-1.35933091625,1.5,37.0595130076,1.2532770236,1.2556109017,0.00233387810708,1.55123964787,1.55318003859,0.00194039072309,4.19802427292,-0.600154519081,1.53658759594,1,1.10448791001,1.07827431477,-0.0262135952389,-0.795563089147,-0.605168367275,-0.029165363649,-0.798714699381,-0.601709909042,0.000119805635618,1.69926106025,1.83434484826,1.0224124169,0,0,0.00262424519586,0.00633381979806,26.7222192849,10,5.269356,0.046929,0.001366,0.091161,0.02143,0.16758,0.1,360,60,3.2,-1.35933091625,1.5,1,-0.00233387810708,1,0.00194039072309,1,0.0262135952389,0,0.092527,5.436936,1789300100.23,1789300100.23,1789300100.23,0,0,0.001
A2_cylinder_parallel,A2_cylinder,parallel,24,1789300100.33,1789300100.33,1789300100.33,0,0,1,100687,100687,841,1,VALID,3.2,-1.30313207254,1.5,35.9031197832,1.21965593005,1.22219558061,0.00253965055972,1.46996931076,1.47111369051,0.00114437975202,4.19859027863,-0.601229608059,1.44881522655,1,1.07166685562,1.05040505615,-0.0212617994612,-0.817399941307,-0.574544981613,0.0418974946036,-0.810748342594,-0.585394832478,-0.000122836221106,2.51578778414,4.60796840586,1.16165444151,0,0,0.00261398515328,0.00597070789337,26.7222192849,10,5.694727,0.054245,0.00142,0.098494,0.021212,0.182148,0.1,360,60,3.2,-1.30313207254,1.5,1,-0.00253965055972,1,0.00114437975202,1,0.0212617994612,-7.1054273576e-15,0.099914,5.876875,1789300100.33,1789300100.33,1789300100.33,0,0,0.001
A2_cylinder_parallel,A2_cylinder,parallel,25,1789300100.43,1789300100.43,1789300100.43,0,0,1,102352,102352,768,1,VALID,3.2,-1.2421538421,1.5,34.6089929086,1.18450455069,1.18699477993,0.00249022923948,1.38789717197,1.38647528124,0.00142189073563,4.19992780685,-0.602452397346,1.53638291359,1,1.03760156555,1.0099965587,-0.0276050068566,-0.841972517081,-0.538649922455,-0.0306356250158,-0.823676797603,-0.567059468934,-0.000302956853933,2.60192293013,4.84736802332,1.2855008377,0,0,0.00254660696274,0.00776745271683,26.7222192849,10,5.532065,0.046372,0.001378,0.093115,0.020125,0.167598,0.1,360,60,3.2,-1.2421538421,1.5,1,-0.00249022923948,1,-0.00142189073563,1,0.0276050068566,0,0.094493,5.699663,1789300100.43,1789300100.43,1789300100.43,0,0,0.001
A2_cylinder_parallel,A2_cylinder,parallel,26,1789300100.53,1789300100.53,1789300100.53,0,0,1,104125,104125,733,1,VALID,3.2,-1.17668818904,1.5,33.1732737729,1.14680023343,1.15048717602,0.00368694258655,1.30261568069,1.30064289904,0.00197278165817,4.16371107101,-0.549113094807,1.44973742962,1,1.00113688573,0.990017748128,-0.0111191376012,-0.837182079276,-0.545178568653,0.0436634220017,-0.837526927474,-0.546395975636,-0.000289074964932,2.51953887837,4.28322724976,1.42531604752,0,0,0.00258903511162,0.00613601054464,26.7222192849,10,5.508466,0.044431,0.001366,0.093957,0.021153,0.167575,0.1,360,60,3.2,-1.17668818904,1.5,1,-0.00368694258655,1,-0.00197278165817,1,0.0111191376012,0,0.095323,5.676041,1789300100.53,1789300100.53,1789300100.53,0,0,0.001
A2_cylinder_parallel,A2_cylinder,parallel,27,1789300100.63,1789300100.63,1789300100.63,0,0,1,106195,106195,707,1,VALID,3.2,-1.10705509383,1.5,31.592788111,1.10993679998,1.1131897645,0.00325296451485,1.22035697937,1.21591956959,0.0044374097756,4.16459131241,-0.550406634808,1.44937121868,1,0.964835075619,0.947130280702,-0.0177047949179,-0.865232319014,-0.499310154345,0.0454136972889,-0.852141148797,-0.52331192478,-0.000303166655793,3.05240089894,3.08253900245,1.56543929341,0,0,0.00236890619317,0.00628348650251,26.7222192849,10,8.933507,0.04377,0.001356,0.090997,0.020678,0.163607,0.1,360,60,3.2,-1.10705509383,1.5,1,-0.00325296451485,1,-0.0044374097756,1,0.0177047949179,7.1054273576e-15,0.092353,9.097114,1789300100.63,1789300100.63,1789300100.63,0,0,0.001
A2_cylinder_parallel,A2_cylinder,parallel,28,1789300100.73,1789300100.73,1789300100.73,0,0,1,108706,108706,699,1,VALID,3.2,-1.03355743786,1.5,29.8643811576,1.07150469096,1.07563026027,0.00412556930779,1.13401500225,1.1330098317,0.00100517054967,4.11527919769,-0.471233010292,1.44930183887,1,0.925413924341,0.92989894786,0.00448502351858,-0.851094811267,-0.522891161253,0.0471429286093,-0.86762734013,-0.497214963339,-0.000280874197017,3.23224004579,1.5784662351,1.73875906357,0,0,0.00221521774496,0.00497383069992,26.7222192849,10,6.157934,0.045341,0.001362,0.092714,0.020564,0.166732,0.1,360,60,3.2,-1.03355743786,1.5,1,-0.00412556930779,1,-0.00100517054967,1,0.00448502351858,7.1054273576e-15,0.094076,6.324666,1789300100.73,1789300100.73,1789300100.73,0,0,0.001
A2_cylinder_parallel,A2_cylinder,parallel,29,1789300100.83,1789300100.83,1789300100.83,0,0,1,110674,110674,713,1,VALID,3.2,-0.956506479414,1.5,27.9858410569,1.03402306007,1.03835832109,0.00433526101651,1.05333034039,1.05380707669,0.000476736307144,4.11483764648,-0.470367729664,1.44928872585,1,0.887222547949,0.872748986867,-0.0144735610825,-0.88200716774,-0.468692847789,0.0488914152744,-0.883989724667,-0.467506140247,-0.000418944745009,2.82866276573,3.5769061715,1.94339239827,0,0,0.00266701939234,0.00763662276949,26.7222192849,10,7.949247,0.06519,0.002024,0.16211,0.032659,0.272006,0.1,360,60,3.2,-0.956506479414,1.5,1,-0.00433526101651,1,0.000476736307144,1,0.0144735610825,-7.1054273576e-15,0.164134,8.221253,1789300100.83,1789300100.83,1789300100.83,0,0,0.001
A2_cylinder_parallel,A2_cylinder,parallel,30,1789300100.93,1789300100.93,1789300100.93,0,0,1,112809,112809,684,1,VALID,3.2,-0.876229590957,1.5,25.9565511517,0.998994526485,1.00194362959,0.00294910310791,0.981160202026,0.980401994501,0.000758207525526,4.09024810791,-0.41956192255,1.44927227497,1,0.851828481953,0.827479327657,-0.0243491542957,-0.888623255108,-0.455834172964,0.0506351383833,-0.900308381948,-0.435252370598,-0.000437359609324,3.22559964171,0.834558711813,2.07118248895,0,0,0.00240257970908,0.00587222671509,26.7222192849,10,6.166101,0.042415,0.001372,0.098608,0.020211,0.169181,0.1,360,60,3.2,-0.876229590957,1.5,1,-0.00294910310791,1,-0.000758207525526,1,0.0243491542957,7.1054273576e-15,0.09998,6.335282,1789300100.93,1789300100.93,1789300100.93,0,0,0.001
A2_cylinder_parallel,A2_cylinder,parallel,31,1789300101.03,1789300101.03,1789300101.03,0,0,1,115050,115050,657,1,VALID,3.2,-0.792976857927,1.5,23.7755401799,0.963731293671,0.966929662496,0.00319836882527,0.911902644634,0.913222209045,0.00131956441062,4.09005737305,-0.4192969203,1.44936537743,1,0.816644972392,0.778375983304,-0.0382689890876,-0.920769579465,-0.386574089989,0.052381814415,-0.917297158907,-0.398203325703,0.00018346831575,3.07088903867,4.37712533791,2.33571910013,0,0,0.00380273210131,0.0171463116918,26.7222192849,10,6.410443,0.041336,0.001378,0.100067,0.020465,0.170111,0.1,360,60,3.2,-0.792976857927,1.5,1,-0.00319836882527,1,0.00131956441062,1,0.0382689890876,0,0.101445,6.580554,1789300101.03,1789300101.03,1789300101.03,0,0,0.001
A2_cylinder_parallel,A2_cylinder,parallel,32,1789300101.13,1789300101.13,1789300101.13,0,0,1,117308,117308,665,1,VALID,3.2,-0.707069622172,1.5,21.4457168351,0.932128064098,0.933894374209,0.00176631011098,0.85082201004,0.851149046762,0.000327036721366,4.06244373322,-0.350767165422,1.44938898087,1,0.784517079549,0.743267137648,-0.0412499419009,-0.922876406679,-0.381269082622,0.0541574060757,-0.932950309049,-0.360002889248,-0.00128085062804,3.45120007552,0.342505410783,2.3670032828,0,0,0.00390316252791,0.0160837081841,26.7222192849,10,6.558152,0.042739,0.001409,0.095697,0.020998,0.167449,0.1,360,60,3.2,-0.707069622172,1.5,1,-0.00176631011098,1,0.000327036721366,1,0.0412499419009,-1.7763568394e-14,0.097106,6.725601,1789300101.13,1789300101.13,1789300101.13,0,0,0.001
A2_cylinder_parallel,A2_cylinder,parallel,33,1789300101.23,1789300101.23,1789300101.23,0,0,1,119298,119298,591,1,VALID,3.2,-0.618708683667,1.5,18.9692316403,0.8999194414,0.903365554812,0.00344611341168,0.795650579929,0.796671090943,0.00102051101412,4.0624127388,-0.350682914257,1.44943189621,1,0.754516867983,0.758761602448,0.00424473446501,-0.953451300662,-0.296319276093,0.0559062061142,-0.946830771767,-0.32172816482,0.00157403862138,3.45799514598,5.17565155295,2.33862496194,0,0,0.00367332025991,0.0161914579357,26.7222192849,10,6.179531,0.037898,0.001363,0.101371,0.021293,0.168495,0.1,360,60,3.2,-0.618708683667,1.5,1,-0.00344611341168,1,0.00102051101412,1,0.00424473446501,0,0.102734,6.348026,1789300101.23,1789300101.23,1789300101.23,0,0,0.001
A2_cylinder_parallel,A2_cylinder,parallel,34,1789300101.33,1789300101.33,1789300101.33,0,0,1,121253,121253,575,1,VALID,3.2,-0.528435992177,1.5,16.3609492509,0.873454886967,0.875964977772,0.002510090805,0.748604872227,0.74707988034,0.00152499188696,4.03152608871,-0.250756502151,1.44937002659,1,0.728125824475,0.693397841937,-0.0347279825383,-0.946932755962,-0.316218346402,0.0576568563603,-0.960649081125,-0.277764810352,0.000230355352046,4.0378975878,1.2039552307,2.64176685249,0,0,0.00246115045967,0.00748752171653,26.7222192849,10,6.390534,0.036365,0.001392,0.094494,0.021735,0.160541,0.1,360,60,3.2,-0.528435992177,1.5,1,-0.002510090805,1,-0.00152499188696,1,0.0347279825383,3.5527136788e-15,0.095886,6.551075,1789300101.33,1789300101.33,1789300101.33,0,0,0.001
A2_cylinder_parallel,A2_cylinder,parallel,35,1789300101.43,1789300101.43,1789300101.43,0,0,1,123373,123373,571,1,VALID,3.2,-0.436408273768,1.5,13.6283368372,0.8498022705,0.852147991229,0.00234572072937,0.705960133076,0.70543385114,0.000526281935828,4.03138589859,-0.250164926052,1.44929420948,1,0.703498752659,0.684398824587,-0.019099928072,-0.974091485851,-0.218211614623,0.0594093295452,-0.97242938256,-0.233048936236,0.00832401670736,3.04977570423,5.83036839064,2.68997253331,0,0,0.00626119548092,0.0279470817872,26.7222192849,10,9.056752,0.040716,0.001493,0.089562,0.022271,0.166309,0.1,360,60,3.2,-0.436408273768,1.5,1,-0.00234572072937,1,-0.000526281935828,1,0.019099928072,0,0.091055,9.223061,1789300101.43,1789300101.43,1789300101.43,0,0,0.001
A2_cylinder_parallel,A2_cylinder,parallel,36,1789300101.54,1789300101.54,1789300101.54,0,0,1,125076,125076,542,1,VALID,3.2,-0.333733615123,1.5,10.5037954277,0.828144352078,0.830676958358,0.00253260627999,0.670816340446,0.670871292216,5.4951769965e-05,4.01082134247,-0.150877907872,1.54948651791,1,0.682656195924,0.681488795887,-0.00116740003698,-0.973776844036,-0.219605286879,-0.0594321124828,-0.984194166094,-0.176276824677,0.0169801210049,5.06988760841,6.81361933437,3.35921175532,0,0,0.00809138813989,0.0277291514874,26.7222192849,10,6.647719,0.034958,0.001364,0.078239,0.021293,0.142357,0.1,360,60,3.2,-0.333733615123,1.5,1,-0.00253260627999,1,5.4951769965e-05,1,0.00116740003698,-7.1054273576e-15,0.079603,6.790076,1789300101.54,1789300101.54,1789300101.54,0,0,0.001
A2_cylinder_parallel,A2_cylinder,parallel,37,1789300101.63,1789300101.63,1789300101.63,0,0,1,125984,125984,552,1,VALID,3.2,-0.248623081333,1.5,7.86415900652,0.813612378546,0.817089275895,0.00347689734836,0.646792271137,0.64759283202,0.000800560883114,4.01063108444,-0.149621039629,1.54866445065,1,0.668102928632,0.633345308527,-0.034757620105,-0.99086687555,-0.121014164913,-0.059484509152,-0.990533353788,-0.136924830864,0.00976041626145,4.07172902773,5.735489613,2.32108963542,0,0,0.0055290851699,0.0196438579559,26.7222192849,10,7.047896,0.03595,0.001396,0.078394,0.021188,0.143869,0.1,360,60,3.2,-0.248623081333,1.5,1,-0.00347689734836,1,0.000800560883114,1,0.034757620105,2.6645352591e-15,0.07979,7.191765,1789300101.63,1789300101.63,1789300101.63,0,0,0.001
A2_cylinder_parallel,A2_cylinder,parallel,38,1789300101.73,1789300101.73,1789300101.73,0,0,1,126957,126957,535,1,VALID,3.2,-0.153313619474,1.5,4.86837398263,0.803741749212,0.806517385999,0.00277563678686,0.629417994022,0.630357732092,0.000939738069262,4.00169277191,-0.0720872059464,1.44892156124,1,0.657414351916,0.661673967252,0.00425961533605,-0.992913622705,-0.100600648204,0.0632617374724,-0.996922419429,-0.0774014597172,0.0124379931148,3.20966148015,7.13500915501,3.43397101801,0,0,0.00734580192916,0.027889714207,26.7222192849,10,6.840505,0.036095,0.001368,0.071771,0.020566,0.136316,0.1,360,60,3.2,-0.153313619474,1.5,1,-0.00277563678686,1,0.000939738069262,1,0.00425961533605,0,0.073139,6.976821,1789300101.73,1789300101.73,1789300101.73,0,0,0.001
A2_cylinder_parallel,A2_cylinder,parallel,39,1789300101.83,1789300101.83,1789300101.83,0,0,1,127307,127307,532,1,VALID,3.2,-0.0574285948752,1.5,1.82738907601,0.7976169538,0.800915890182,0.00329893638162,0.619039037228,0.621122423955,0.00208338672774,3.99935793877,-0.0297133754939,1.54240083694,1,0.650961261072,0.619891277981,-0.0310699830912,-0.997998145896,-0.0346024430536,-0.0529374321601,-0.999375609363,-0.0335542076742,0.0110682680288,3.66922425728,7.66791772562,2.51761752222,0,0,0.00595006250659,0.0180652570043,26.7222192849,10,6.756501,0.035276,0.001396,0.075138,0.021991,0.140685,0.1,360,60,3.2,-0.0574285948752,1.5,1,-0.00329893638162,1,0.00208338672774,1,0.0310699830912,-1.33226762955e-15,0.076534,6.897186,1789300101.83,1789300101.83,1789300101.83,0,0,0.001
A2_cylinder_parallel,A2_cylinder,parallel,40,1789300101.93,1789300101.93,1789300101.93,0,0,1,127421,127421,566,1,VALID,3.2,0.0384651546058,1.5,-1.22419757509,0.797078202714,0.800410944234,0.00333274152043,0.616458692551,0.621260003345,0.00480131079469,3.9983253479,0.0275759268552,1.53894746304,1,0.64934910713,0.635818290534,-0.0135308165964,-0.998719379138,0.0136226199093,-0.0487239772659,-0.99964093043,0.0226895278267,0.0142546671965,3.64661189602,2.77419754021,3.22815881486,0,0,0.00716725261831,0.0197909185716,26.7222192849,10,6.71675,0.035706,0.001362,0.076369,0.021405,0.141504,0.1,360,60,3.2,0.0384651546058,1.5,1,-0.00333274152043,1,0.00480131079469,1,0.0135308165964,-4.4408920985e-16,0.077731,6.858254,1789300101.93,1789300101.93,1789300101.93,0,0,0.001
A2_cylinder_parallel,A2_cylinder,parallel,41,1789300102.03,1789300102.03,1789300102.03,0,0,1,126876,126876,529,1,VALID,3.2,0.134334617341,1.5,-4.26809143117,0.801928955731,0.805005758832,0.00307680310038,0.626787283421,0.628964166624,0.00217688320364,4.00131368637,0.066257186234,1.44951069355,1,0.655783672477,0.667612052874,0.011828380397,-0.994452619704,0.0844859895173,0.0626586365865,-0.996951187936,0.0764165320634,0.015774742464,2.72976230509,7.57330826648,3.08378828512,0,0,0.00675042671694,0.0220276874474,26.7222192849,10,6.61612,0.035072,0.001362,0.078998,0.027848,0.149979,0.1,360,60,3.2,0.134334617341,1.5,1,-0.00307680310038,1,0.00217688320364,1,0.011828380397,-3.5527136788e-15,0.08036,6.766099,1789300102.03,1789300102.03,1789300102.03,0,0,0.001
A2_cylinder_parallel,A2_cylinder,parallel,42,1789300102.13,1789300102.13,1789300102.13,0,0,1,126102,126102,530,1,VALID,3.2,0.229794560504,1.5,-7.27523442664,0.810151743525,0.814608922065,0.00445717854001,0.643464484215,0.643351307767,0.000113176448004,4.01052808762,0.149164006114,1.44992494583,1,0.666066586935,0.638869828353,-0.0271967585827,-0.993213248895,0.0988038984824,0.061361485184,-0.991935544201,0.126308895528,0.0104851829627,3.31499002646,0.826777844259,2.88927731046,0,0,0.00536194673172,0.0167872640916,26.7222192849,10,6.640244,0.037844,0.001367,0.079766,0.021959,0.147833,0.1,360,60,3.2,0.229794560504,1.5,1,-0.00445717854001,1,-0.000113176448004,1,0.0271967585827,3.5527136788e-15,0.081133,6.788077,1789300102.13,1789300102.13,1789300102.13,0,0,0.001
A2_cylinder_parallel,A2_cylinder,parallel,43,1789300102.23,1789300102.23,1789300102.23,0,0,1,125237,125237,546,1,VALID,3.2,0.324463933052,1.5,-10.2182770769,0.826551126242,0.82900979873,0.0024586724887,0.667817630768,0.668482722844,0.000665092076574,4.01050281525,0.148905232549,1.44918608665,1,0.680853589383,0.696210863432,0.0153572740482,-0.975506158371,0.211299196345,0.0611586838032,-0.985000633576,0.171703564689,0.0170774040023,3.43879680617,6.52840448538,2.65830959126,0,0,0.00803746633682,0.0277958960193,26.7222192849,10,6.668635,0.035832,0.001363,0.084859,0.021136,0.149874,0.1,360,60,3.2,0.324463933052,1.5,1,-0.0024586724887,1,0.000665092076574,1,0.0153572740482,0,0.086222,6.818509,1789300102.23,1789300102.23,1789300102.23,0,0,0.001
A2_cylinder_parallel,A2_cylinder,parallel,44,1789300102.33,1789300102.33,1789300102.33,0,0,1,123478,123478,596,1,VALID,3.2,0.418215887671,1.5,-13.0801527057,0.845127469657,0.847946029704,0.00281856004726,0.699180819988,0.698875809397,0.000305010591235,4.03106164932,0.249484181404,1.44953167439,1,0.699518154459,0.675587244865,-0.0239309095934,-0.978274276886,0.198620509165,0.0594081856465,-0.973979447584,0.226425721291,0.00976874723737,3.26964322494,0.750286609273,3.22602962896,0,0,0.00611174829258,0.0229314625263,26.7222192849,10,8.136792,0.055374,0.002103,0.143971,0.028985,0.240548,0.1,360,60,3.2,0.418215887671,1.5,1,-0.00281856004726,1,-0.000305010591235,1,0.0239309095934,0,0.146074,8.37734,1789300102.33,1789300102.33,1789300102.33,0,0,0.001
A2_cylinder_parallel,A2_cylinder,parallel,45,1789300102.43,1789300102.43,1789300102.43,0,0,1,121678,121678,579,1,VALID,3.2,0.51054649218,1.5,-15.8352953625,0.867538867293,0.871004468374,0.00346560108122,0.738685288429,0.73852938727,0.000155901159559,4.03142738342,0.250963270664,1.44969713688,1,0.722459410622,0.693031476548,-0.0294279340735,-0.952969764778,0.297530447613,0.0576563974099,-0.963432367895,0.267950865147,0.000637463608653,3.72954263606,5.85304784468,2.51009517476,0,0,0.00262719974543,0.00696668621472,26.7222192849,10,6.267396,0.035905,0.00136,0.095214,0.020614,0.159937,0.1,360,60,3.2,0.51054649218,1.5,1,-0.00346560108122,1,-0.000155901159559,1,0.0294279340735,5.3290705182e-15,0.096574,6.427333,1789300102.43,1789300102.43,1789300102.43,0,0,0.001
A2_cylinder_parallel,A2_cylinder,parallel,46,1789300102.53,1789300102.53,1789300102.53,0,0,1,119853,119853,610,1,VALID,3.2,0.601057030912,1.5,-18.4652251913,0.894250362863,0.897701123573,0.00345076070936,0.786213197708,0.788171244792,0.00195804708345,4.06239938736,0.351151257753,1.44972395897,1,0.749284814621,0.73159165068,-0.0176931639405,-0.958983538187,0.2778938924,0.0559066905897,-0.955005128715,0.296584153352,0.00174473710828,3.29118147636,1.18095523019,1.71138564728,0,0,0.00594754894719,0.0166904912676,26.7222192849,10,6.534047,0.03909,0.001409,0.101634,0.02101,0.169722,0.1,360,60,3.2,0.601057030912,1.5,1,-0.00345076070936,1,0.00195804708345,1,0.0176931639405,-1.06581410364e-14,0.103043,6.703769,1789300102.53,1789300102.53,1789300102.53,0,0,0.001
A2_cylinder_parallel,A2_cylinder,parallel,47,1789300102.63,1789300102.63,1789300102.63,0,0,1,117954,117954,628,1,VALID,3.2,0.689717232474,1.5,-20.9656454017,0.923549974041,0.927617664572,0.00406769053085,0.838467338085,0.842277311529,0.00380997344426,4.06165313721,0.349135249853,1.44974851608,1,0.777883340748,0.737465645556,-0.0404176951921,-0.928622309209,0.367052603326,0.0541571161543,-0.940845271299,0.338827212947,0.00250903210282,3.44475203956,5.39941250263,2.55329075389,0,0,0.00658729420851,0.019618203359,26.7222192849,10,8.630235,0.056978,0.002132,0.187062,0.032967,0.288616,0.1,360,60,3.2,0.689717232474,1.5,1,-0.00406769053085,1,0.00380997344426,1,0.0404176951921,-1.06581410364e-14,0.189194,8.918851,1789300102.63,1789300102.63,1789300102.63,0,0,0.001
A2_cylinder_parallel,A2_cylinder,parallel,48,1789300102.73,1789300102.73,1789300102.73,0,0,1,115380,115380,642,1,VALID,3.2,0.776116338468,1.5,-23.3245335658,0.956217089701,0.960192993263,0.00397590356159,0.900034227371,0.8988273092,0.00120691817147,4.0910487175,0.421101927757,1.44968807697,1,0.810486613525,0.794614441036,-0.0158721724891,-0.927705602345,0.369619361166,0.0523817070159,-0.921251887483,0.388965251396,0.000996501317438,3.16796029539,0.186371503582,3.08585113779,0,0,0.00355009694368,0.0123157541071,26.7222192849,10,6.98626,0.044976,0.0016,0.132073,0.024306,0.210685,0.1,360,60,3.2,0.776116338468,1.5,1,-0.00397590356159,1,-0.00120691817147,1,0.0158721724891,-7.1054273576e-15,0.133673,7.196945,1789300102.73,1789300102.73,1789300102.73,0,0,0.001
A2_cylinder_parallel,A2_cylinder,parallel,49,1789300102.83,1789300102.83,1789300102.83,0,0,1,113090,113090,677,1,VALID,3.2,0.859967772527,1.5,-25.5365992012,0.992197183324,0.994879587791,0.00268240446681,0.966677286625,0.966237983908,0.000439302716936,4.09019851685,0.419300317764,1.44963979721,1,0.844573941938,0.813828082051,-0.0307458598875,-0.895055124817,0.443071580396,0.0506349502278,-0.905533003869,0.424273470792,0.00141452704528,3.07828164176,4.60788413024,2.21469824756,0,0,0.00343715404763,0.00973445233277,26.7222192849,10,5.860905,0.041574,0.001371,0.093737,0.02069,0.163862,0.1,360,60,3.2,0.859967772527,1.5,1,-0.00268240446681,1,-0.000439302716936,1,0.0307458598875,-1.42108547152e-14,0.095108,6.024767,1789300102.83,1789300102.83,1789300102.83,0,0,0.001
A2_cylinder_parallel,A2_cylinder,parallel,50,1789300102.93,1789300102.93,1789300102.93,0,0,1,110976,110976,701,1,VALID,3.2,0.940861090639,1.5,-27.5960958528,1.02654635755,1.03106366022,0.00451730266838,1.03704647064,1.03836900166,0.00132253101894,4.11445045471,0.470973879099,1.44967114925,1,0.87934271112,0.872386827535,-0.00695588358539,-0.888382807471,0.456492440932,0.0488941587729,-0.888746255608,0.458395040028,0.00202000521653,2.68822983491,0.864528555123,2.17921195824,0,0,0.00337830147916,0.00904509445599,26.7222192849,10,7.107349,0.0499,0.002193,0.123502,0.025472,0.211311,0.1,360,60,3.2,0.940861090639,1.5,1,-0.00451730266838,1,0.00132253101894,1,0.00695588358539,-1.06581410364e-14,0.125695,7.31866,1789300102.93,1789300102.93,1789300102.93,0,0,0.001
A2_cylinder_parallel,A2_cylinder,parallel,51,1789300103.03,1789300103.03,1789300103.03,0,0,1,108935,108935,741,1,VALID,3.2,1.01861737651,1.5,-29.5054582096,1.06338293884,1.068231457,0.00484851815704,1.11631516457,1.11530684658,0.00100831798145,4.11460399628,0.47109246254,1.44968879223,1,0.917152888221,0.943153594424,0.0260007062029,-0.857050600335,0.513070747693,0.0471452683342,-0.872533028423,0.488551156448,0.00197023950466,3.07609052889,3.70758663181,1.96180707589,0,0,0.00356480297275,0.0100113222429,26.7222192849,10,6.050464,0.050955,0.001444,0.095907,0.022476,0.178116,0.1,360,60,3.2,1.01861737651,1.5,1,-0.00484851815704,1,-0.00100831798145,1,0.0260007062029,-1.42108547152e-14,0.097351,6.22858,1789300103.03,1789300103.03,1789300103.03,0,0,0.001
A2_cylinder_parallel,A2_cylinder,parallel,52,1789300103.13,1789300103.13,1789300103.13,0,0,1,107035,107035,770,1,VALID,3.2,1.09289841267,1.5,-31.2646915248,1.1025453554,1.10580790682,0.00326255141446,1.20312646866,1.19784077076,0.00528569790295,4.11397266388,0.47019892931,1.44974184036,1,0.957080174139,0.95348874009,-0.00359143404895,-0.825570421643,0.562470077443,0.0453970361288,-0.856493753163,0.51615544446,0.00141702041728,4.06665000569,3.35820485695,1.82956446414,0,0,0.00333935088331,0.00890576532909,26.7222192849,10,5.769774,0.046997,0.001364,0.090382,0.021024,0.166312,0.1,360,60,3.2,1.09289841267,1.5,1,-0.00326255141446,1,-0.00528569790295,1,0.00359143404895,-1.06581410364e-14,0.091746,5.936086,1789300103.13,1789300103.13,1789300103.13,0,0,0.001
A2_cylinder_parallel,A2_cylinder,parallel,53,1789300103.23,1789300103.23,1789300103.23,0,0,1,104676,104676,751,1,VALID,3.2,1.16336624065,1.5,-32.8751752252,1.14133900361,1.14322677519,0.00188777158053,1.28793124199,1.27494881746,0.0129824245317,4.16586351395,0.550808727741,1.5480864048,1,0.994740811683,1.00254788563,0.00780707394225,-0.843739974928,0.535105895527,-0.0420063719095,-0.846580621848,0.5322502285,0.00330831873574,2.60680203589,5.35175345974,1.08846918638,0,0,0.00741511483809,0.018408201422,26.7222192849,10,5.404548,0.046211,0.001369,0.092267,0.019909,0.166619,0.1,360,60,3.2,1.16336624065,1.5,1,-0.00188777158053,1,-0.0129824245317,1,0.00780707394225,7.1054273576e-15,0.093636,5.571167,1789300103.23,1789300103.23,1789300103.23,0,0,0.001
A2_cylinder_parallel,A2_cylinder,parallel,54,1789300103.33,1789300103.33,1789300103.33,0,0,1,102640,102640,716,1,VALID,3.2,1.22962731801,1.5,-34.3380098542,1.17903929382,1.17990443396,0.000865140133859,1.37311593533,1.3688754737,0.00424046162197,4.19946241379,0.601740658283,1.54948866367,1,1.03136196685,1.01390769897,-0.017454267878,-0.846025614169,0.531493920724,-0.0418911972087,-0.826856798541,0.562410974437,0.00131549990998,3.2365649053,0.244994246101,2.06806222405,0,0,0.00356029605933,0.00997317927224,26.7222192849,10,7.594101,0.064302,0.001562,0.110795,0.023089,0.207324,0.1,360,60,3.2,1.22962731801,1.5,1,-0.000865140133859,1,-0.00424046162197,1,0.017454267878,0,0.112357,7.801425,1789300103.33,1789300103.33,1789300103.33,0,0,0.001
A2_cylinder_parallel,A2_cylinder,parallel,55,1789300103.43,1789300103.43,1789300103.43,0,0,1,100891,100891,759,1,VALID,3.2,1.29150839227,1.5,-35.6596159443,1.21351256276,1.2153992704,0.00188670764675,1.45493058205,1.45486828143,6.23006139484e-05,4.19892215729,0.600862562656,1.44907391071,1,1.06549599644,1.04980703801,-0.0156889584318,-0.821822639182,0.568200809537,0.0418973718778,-0.813625212078,0.581388729918,0.00107656677121,2.50256032021,5.42358129895,1.32564041892,0,0,0.0033699730334,0.00776643625327,26.7222192849,10,6.777139,0.046775,0.001383,0.094913,0.021505,0.171288,0.1,360,60,3.2,1.29150839227,1.5,1,-0.00188670764675,1,-6.23006139484e-05,1,0.0156889584318,-7.1054273576e-15,0.096296,6.948427,1789300103.43,1789300103.43,1789300103.43,0,0,0.001
A2_cylinder_parallel,A2_cylinder,parallel,56,1789300103.53,1789300103.53,1789300103.53,0,0,1,99319,99319,795,1,VALID,3.2,1.34860609965,1.5,-36.8414907845,1.24732907122,1.24916393623,0.00183486500432,1.53689126015,1.53791507973,0.0010238195828,4.19856977463,0.600451111794,1.44986140728,1,1.09875602499,1.07832173618,-0.0204342888117,-0.799651681312,0.599120270937,0.0401508347097,-0.801493709481,0.598002078388,0.00116099398395,2.23750465941,2.18235273095,1.17867703836,0,0,0.00312021843308,0.00794351967743,26.7222192849,10,7.84902,0.049836,0.001385,0.09456,0.02068,0.173153,0.1,360,60,3.2,1.34860609965,1.5,1,-0.00183486500432,1,0.0010238195828,1,0.0204342888117,-1.42108547152e-14,0.095945,8.022173,1789300103.53,1789300103.53,1789300103.53,0,0,0.001
A2_cylinder_parallel,A2_cylinder,parallel,57,1789300103.63,1789300103.63,1789300103.63,0,0,1,97878,97878,792,1,VALID,3.2,1.40071695886,1.5,-37.8892004624,1.27870830071,1.28079109058,0.00208278986841,1.61767260075,1.61709897389,0.000573626858847,4.19903850555,0.600644946098,1.54449307919,1,1.13069238292,1.12628623901,-0.00440614391722,-0.780076913888,0.624718369849,-0.0347414275901,-0.790338280055,0.61267003198,0.000913779675896,2.23522938222,4.67267038667,1.05595856978,0,0,0.00355211968516,0.00770387344701,26.7222192849,10,5.115206,0.049273,0.001381,0.095511,0.021122,0.173839,0.1,360,60,3.2,1.40071695886,1.5,1,-0.00208278986841,1,-0.000573626858847,1,0.00440614391722,7.1054273576e-15,0.096892,5.289045,1789300103.63,1789300103.63,1789300103.63,0,0,0.001
A2_cylinder_parallel,A2_cylinder,parallel,58,1789300103.73,1789300103.73,1789300103.73,0,0,1,96580,96580,779,1,VALID,3.2,1.44751594987,1.5,-38.8053895328,1.30819468623,1.3098273583,0.00163267206465,1.69933334827,1.68862504046,0.0107083078112,4.1997218132,0.602524101734,1.59153401852,1,1.16218641435,1.14580715869,-0.0163792556575,-0.761874790849,0.64395712794,-0.0697568666522,-0.77929781913,0.626637512675,0.00450963510242,4.48306690191,2.51569434689,1.0407057848,0,0,0.00632403719985,0.0132971766165,26.7222192849,10,5.436484,0.046842,0.001376,0.093512,0.020658,0.168878,0.1,360,60,3.2,1.44751594987,1.5,1,-0.00163267206465,1,-0.0107083078112,1,0.0163792556575,7.1054273576e-15,0.094888,5.605362,1789300103.73,1789300103.73,1789300103.73,0,0,0.001
A2_cylinder_parallel,A2_cylinder,parallel,59,1789300103.83,1789300103.83,1789300103.83,0,0,1,95388,95388,883,1,VALID,3.2,1.48867200212,1.5,-39.5921092741,1.33488609702,1.33583910616,0.000953009142513,1.76575962543,1.75936875316,0.00639087227413,4.19944953918,0.601565659046,1.54901695251,1,1.18725836997,1.24553686731,0.0582784973345,-0.747387063721,0.663376967982,-0.0366548132508,-0.77175791089,0.635915794084,0.000910940431824,3.01000573256,2.35052846717,0.715370218911,0,0,0.00336289382864,0.00703849990028,26.7222192849,10,5.602134,0.053215,0.001384,0.097114,0.020725,0.178846,0.1,360,60,3.2,1.48867200212,1.5,1,-0.000953009142513,1,-0.00639087227413,1,0.0582784973345,1.42108547152e-14,0.098498,5.78098,1789300103.83,1789300103.83,1789300103.83,0,0,0.001
A2_cylinder_parallel,A2_cylinder,parallel,60,1789300103.93,1789300103.93,1789300103.93,0,0,1,94135,94135,831,1,VALID,3.2,1.52378428922,1.5,-40.2494772554,1.35795939326,1.35837201478,0.000412621516467,1.82722953796,1.81257402938,0.0146555085863,4.24158811569,0.650671601295,1.54998040199,1,1.21004769103,1.23738385669,0.0273361656596,-0.765846781917,0.641972131043,-0.0367490080277,-0.759912663336,0.650020320196,0.00251543902322,2.32165196309,1.61954637606,1.05932397015,0,0,0.0072868418106,0.0169478945051,26.7222192849,10,6.707092,0.059966,0.001635,0.116288,0.022939,0.208486,0.1,360,60,3.2,1.52378428922,1.5,1,-0.000412621516467,1,-0.0146555085863,1,0.0273361656596,0,0.117923,6.915578,1789300103.93,1789300103.93,1789300103.93,0,0,0.001
A2_cylinder_parallel,A2_cylinder,parallel,61,1789300104.03,1789300104.03,1789300104.03,0,0,1,93379,93379,836,1,VALID,3.2,1.55265267419,1.5,-40.7805563924,1.37653411543,1.37712648521,0.000592369775783,1.87823895454,1.86949678857,0.00874216597421,4.24181699753,0.650963485241,1.54809272289,0,1.22867272813,nan,nan,-0.755666553687,0.654026919822,-0.0348833453976,-0.75725840121,0.653114023784,0.00133631387244,2.07800919978,0.910337780528,0.243129105918,0,0,0.00382594378582,0.00874216597421,26.7222192849,10,4.991277,0.051087,0.001412,0.107655,0.046103,0.213422,0.1,360,60,3.2,1.55265267419,1.5,1,-0.000592369775783,1,-0.00874216597421,1,nan,1.42108547152e-14,0.109067,5.204699,1789300104.03,1789300104.03,1789300104.03,0,0,0.001
A2_cylinder_parallel,A2_cylinder,parallel,62,1789300104.13,1789300104.13,1789300104.13,0,0,1,92855,92855,894,1,VALID,3.2,1.57495901523,1.5,-41.1851862769,1.39099373446,1.3917558194,0.00076208494068,1.91890768051,1.90231785713,0.0165898233822,4.24199151993,0.651199936867,1.54827678204,1,1.24334414616,1.31449087128,0.0711467251195,-0.74783501944,0.662979856468,-0.0346481401641,-0.746267589471,0.665640019678,0.00283709503008,2.15514627935,0.681663264525,0.95866881742,0,0,0.00806024722832,0.0172463771956,26.7222192849,10,6.610077,0.082043,0.00202,0.181858,0.034688,0.310028,0.1,360,60,3.2,1.57495901523,1.5,1,-0.00076208494068,1,-0.0165898233822,1,0.0711467251195,0,0.183878,6.920105,1789300104.13,1789300104.13,1789300104.13,0,0,0.001
A2_cylinder_parallel,A2_cylinder,parallel,63,1789300104.23,1789300104.23,1789300104.23,0,0,1,92573,92573,887,1,VALID,3.2,1.59039129257,1.5,-41.462229018,1.4008119746,1.40194597431,0.00113399970386,1.94657556057,1.93589888314,0.0106766774314,4.29094076157,0.709018170834,1.54588472843,0,1.25323741637,nan,nan,-0.777445508542,0.628099708974,-0.0326991870564,-0.745306882951,0.666702853496,0.00499553468199,3.59883315744,2.62410341485,0.148432988347,0,0,0.00594597761098,0.0155690836225,26.7222192849,10,4.955904,0.055113,0.001417,0.097161,0.022346,0.182714,0.1,360,60,3.2,1.59039129257,1.5,1,-0.00113399970386,1,-0.0106766774314,1,nan,0,0.098578,5.138618,1789300104.23,1789300104.23,1789300104.23,0,0,0.001
A2_cylinder_parallel,A2_cylinder,parallel,64,1789300104.33,1789300104.33,1789300104.33,0,0,1,92126,92126,848,1,VALID,3.2,1.59863553496,1.5,-41.6092680369,1.40570056388,1.40741263053,0.00171206664453,1.96178177834,1.949915205,0.0118665733337,4.29081392288,0.708698749542,1.54918694496,0,1.25864541451,nan,nan,-0.774370843014,0.631767787607,-0.0349179041779,-0.742616185675,0.669703061726,0.00436003307577,3.61986335214,0.302265182303,0.233756856206,0,0,0.00615932933409,0.0136492738724,26.7222192849,10,6.296632,0.053646,0.00139,0.09798,0.020279,0.18024,0.1,360,60,3.2,1.59863553496,1.5,1,-0.00171206664453,1,-0.0118665733337,1,nan,0,0.09937,6.476872,1789300104.33,1789300104.33,1789300104.33,0,0,0.001
A2_cylinder_parallel,A2_cylinder,parallel,65,1789300104.43,1789300104.43,1789300104.43,0,0,1,92126,92126,863,1,VALID,3.2,1.6,1.5,-41.6335393366,1.4066506154,1.40831891576,0.00166830036009,1.96433023453,1.95681879514,0.00751143939155,4.29113674164,0.709029495716,1.54921865463,0,1.2595498487,nan,nan,-0.774103074204,0.632095850201,-0.0349179991887,-0.747846843158,0.66387071081,0.000882330247828,3.12849421217,0.0242629336015,0.491111942052,0,0,0.00363315642951,0.00755173185894,26.7222192849,10,6.693796,0.07676,0.002013,0.185737,0.035064,0.309061,0.1,360,60,3.2,1.6,1.5,1,-0.00166830036009,1,-0.00751143939155,1,nan,1.42108547152e-14,0.18775,7.002857,1789300104.43,1789300104.43,1789300104.43,0,0,0.001
A2_cylinder_parallel,A2_cylinder,parallel,66,1789300104.53,1789300104.53,1789300104.53,0,0,1,92126,92126,862,1,VALID,3.2,1.6,1.5,-41.6335393366,1.4066506154,1.40831891576,0.00166830036009,1.96433142662,1.95681840563,0.00751302099228,4.29113721848,0.709029436111,1.54921805859,0,1.25955020533,nan,nan,-0.774103200517,0.632095719397,-0.034917566764,-0.74784772529,0.663869719564,0.000880468529032,3.12835845026,2.68769245652e-05,0.000130989579988,0,0,0.00363358181592,0.00755158291544,26.7222192849,10,4.789511,0.052474,0.00138,0.102441,0.021737,0.184611,0.1,360,60,3.2,1.6,1.5,1,-0.00166830036009,1,-0.00751302099228,1,nan,1.42108547152e-14,0.103821,4.974122,1789300104.53,1789300104.53,1789300104.53,0,0,0.001
A2_cylinder_parallel,A2_cylinder,parallel,67,1789300104.63,1789300104.63,1789300104.63,0,0,1,92126,92126,864,1,VALID,3.2,1.6,1.5,-41.6335393366,1.4066506154,1.40831891576,0.00166830036009,1.96433011532,1.95681820515,0.00751191016606,4.29113674164,0.709029555321,1.54921865463,0,1.25954980668,nan,nan,-0.774103094895,0.63209582481,-0.034918000122,-0.7478472444,0.663870260337,0.000881183053042,3.12842646018,2.62457295552e-05,5.82634053037e-05,0,0,0.00363312666408,0.00755002525875,26.7222192849,10,4.921402,0.05367,0.001373,0.099872,0.022063,0.183606,0.1,360,60,3.2,1.6,1.5,1,-0.00166830036009,1,-0.00751191016606,1,nan,1.42108547152e-14,0.101245,5.105008,1789300104.63,1789300104.63,1789300104.63,0,0,0.001
A2_cylinder_parallel,A2_cylinder,parallel,68,1789300104.73,1789300104.73,1789300104.73,0,0,1,92126,92126,863,1,VALID,3.2,1.6,1.5,-41.6335393366,1.4066506154,1.40831891576,0.00166830036009,1.96432999611,1.956818401,0.00751159511294,4.29113674164,0.709029614925,1.54921841621,0,1.25954975554,nan,nan,-0.774103120158,0.632095803152,-0.0349178321163,-0.747847417693,0.663870064705,0.000881498095653,3.1284221024,9.69700457025e-06,2.34438221507e-05,0,0,0.00363262905945,0.00754347194944,26.7222192849,10,5.520401,0.053114,0.001364,0.096918,0.021122,0.178999,0.1,360,60,3.2,1.6,1.5,1,-0.00166830036009,1,-0.00751159511294,1,nan,1.42108547152e-14,0.098282,5.6994,1789300104.73,1789300104.73,1789300104.73,0,0,0.001
A2_cylinder_parallel,A2_cylinder,parallel,69,1789300104.83,1789300104.83,1789300104.83,0,0,1,92126,92126,863,1,VALID,3.2,1.6,1.5,-41.6335393366,1.4066506154,1.40831891576,0.00166830036009,1.9643311882,1.95681956434,0.00751162385941,4.29113721848,0.709029555321,1.54921841621,0,1.25955012908,nan,nan,-0.774103235041,0.632095663015,-0.034917822039,-0.747846957329,0.663870584047,0.000880938160633,3.12843853544,1.03161862187e-05,5.10839249837e-05,0,0,0.00363287434329,0.00754252641542,26.7222192849,10,7.259788,0.075573,0.002071,0.186089,0.033922,0.307031,0.1,360,60,3.2,1.6,1.5,1,-0.00166830036009,1,-0.00751162385941,1,nan,1.42108547152e-14,0.18816,7.566819,1789300104.83,1789300104.83,1789300104.83,0,0,0.001
A2_cylinder_parallel,A2_cylinder,parallel,70,1789300104.89,1789300104.89,1789300104.89,0,0,1,92126,92126,863,1,VALID,3.2,1.6,1.5,-41.6335393366,1.4066506154,1.40831891576,0.00166830036009,1.9643311882,1.95682015358,0.00751103462492,4.29113721848,0.709029555321,1.5492181778,0,1.25955012165,nan,nan,-0.774103239613,0.632095666748,-0.0349176531001,-0.74784620179,0.663871435539,0.000880649415781,3.12847056814,9.65934615781e-06,6.72803969697e-05,0,0,0.00363325116081,0.00755078700611,26.7222192849,10,5.651325,0.058173,0.001441,0.100447,0.021359,0.188281,0.1,360,60,3.2,1.6,1.5,1,-0.00166830036009,1,-0.00751103462492,1,nan,1.42108547152e-14,0.101888,5.839606,1789300104.89,1789300104.89,1789300104.89,0,0,0.001
