scenario,frame_index,timestamp,source_timestamp,gt_timestamp,obstacle_id,is_dynamic,association_status,association_distance,tracking_id,lvdot_slot_id,est_is_dynamic,est_x,est_y,est_z,est_vx,est_vy,est_vz,est_lx,est_ly,est_lz,gt_x,gt_y,gt_z,gt_vx,gt_vy,gt_vz,gt_lx,gt_ly,gt_lz,gt_geometry_type,gt_radius,uav_x,uav_y,uav_z,uav_vx,uav_vy,uav_vz
static_box,1,1789357084.982237577,1789357084.981939077,1789357084.881870031,0,0,matched,0.34318516789184933,0,0,0,4.73017033451998,-0.11210588549504225,1.6800007820129395,0.06932633247574398,-0.04172284639481228,0.0,0.8243508338928223,0.7559016346931458,0.899010181427002,5.0,0.0,1.5,0.0,0.0,0.0,0.8,0.6,1.2,axis_aligned_box,,3.0,-0.9999263859762212,1.5,0.0,0.002096710617239785,0.0
static_box,2,1789357085.082814217,1789357085.082161903,1789357085.081932783,0,0,matched,0.35916246057620316,0,0,0,4.728581370555244,-0.11045634551413501,1.7076752185821533,0.05943171421745724,-0.03906851302810781,0.0,0.8243508338928223,0.7559016346931458,0.899010181427002,5.0,0.0,1.5,0.0,0.0,0.0,0.8,0.6,1.2,axis_aligned_box,,3.0,-0.999568069545277,1.5,0.0,0.005061819963757507,0.0
static_box,3,1789357085.181618929,1789357085.181340218,1789357085.081932783,0,0,matched,0.3489645356615018,0,0,0,4.72164400813361,-0.10803104600466973,1.680619716644287,0.01833996743424679,-0.017956446865252315,0.0,0.8243508338928223,0.7559016346931458,0.899010181427002,5.0,0.0,1.5,0.0,0.0,0.0,0.8,0.6,1.2,axis_aligned_box,,3.0,-0.9989153126457501,1.5,0.0,0.007994407516274036,0.0
static_box,4,1789357085.282109022,1789357085.281792164,1789357085.181924105,0,0,matched,0.37109543047855714,0,0,0,4.710914250757744,-0.10318339480036733,1.7085531949996948,-0.036163148883095395,0.01047567799143273,0.0,0.8243508338928223,0.7559016346931458,0.899010181427002,5.0,0.0,1.5,0.0,0.0,0.0,0.8,0.6,1.2,axis_aligned_box,,3.0,-0.9979700142984219,1.5,0.0,0.010899454423295466,0.0
static_box,5,1789357085.381017685,1789357085.380844831,1789357085.281898499,0,0,matched,0.38903303845910187,0,0,0,4.702757675780429,-0.0980796706772431,1.7310283184051514,-0.07358478306512879,0.03374067443829476,0.0,0.8243508338928223,0.7559016346931458,0.899010181427002,5.0,0.0,1.5,0.0,0.0,0.0,0.8,0.6,1.2,axis_aligned_box,,3.0,-0.9967342900340388,1.5,0.0,0.01377720525163954,0.0
static_box,6,1789357085.479650021,1789357085.479583979,1789357085.381866693,0,0,matched,0.38776428124319373,0,0,0,4.701134817192823,-0.10166867662613771,1.7251759767532349,-0.07673213817661328,0.024229886765358807,0.0,0.8243508338928223,0.7559016346931458,0.899010181427002,5.0,0.0,1.5,0.0,0.0,0.0,0.8,0.6,1.2,axis_aligned_box,,3.0,-0.9952176359726239,1.5,0.0,0.016615136962307743,0.0
static_box,7,1789357085.580753326,1789357085.580544472,1789357085.481802702,0,0,matched,0.36968949391711586,0,0,0,4.70893205283251,-0.10046009814254195,1.704591155052185,-0.03590579910673376,0.02177609256361592,0.0,0.8243508338928223,0.7559016346931458,0.899010181427002,5.0,0.0,1.5,0.0,0.0,0.0,0.8,0.6,1.2,axis_aligned_box,,3.0,-0.9934149114160765,1.5,0.0,0.019429488282535844,0.0
static_box,8,1789357085.682772636,1789357085.682201147,1789357085.681926250,0,0,matched,0.3509933359970693,0,0,0,4.715788176251661,-0.09776233123506861,1.6812801361083984,0.008779213265760095,0.0180371696060325,0.0,0.8243508338928223,0.7559016346931458,0.899010181427002,5.0,0.0,1.5,0.0,0.0,0.0,0.8,0.6,1.2,axis_aligned_box,,3.0,-0.9913320024811771,1.5,0.0,0.022214095609613526,0.0
static_box,9,1789357085.783786297,1789357085.783465862,1789357085.781970978,0,0,matched,0.36360500280570685,0,0,0,4.712678419279592,-0.0950068573418058,1.7015653848648071,0.018531803939420933,0.02201459020919635,0.0,0.8243508338928223,0.7559016346931458,0.899010181427002,5.0,0.0,1.5,0.0,0.0,0.0,0.8,0.6,1.2,axis_aligned_box,,3.0,-0.9889725936021788,1.5,0.0,0.024968114427541942,0.0
static_box,10,1789357085.879859924,1789357085.879655838,1789357085.781970978,0,0,matched,0.3438022621722658,0,0,0,4.714597961207586,-0.09299799336711716,1.6676217317581177,0.027300452709208646,0.023520413249178813,0.0,0.8243508338928223,0.7559016346931458,0.899010181427002,5.0,0.0,1.5,0.0,0.0,0.0,0.8,0.6,1.2,axis_aligned_box,,3.0,-0.9863408947945017,1.5,0.0,0.02769054965178394,0.0
static_box,11,1789357085.980331182,1789357085.980123520,1789357085.881835938,0,0,matched,0.35116747004441123,0,0,0,4.722823934284677,-0.09914229725401219,1.6914753913879395,0.043646857310088556,-0.0011855520652449998,0.0,0.8243508338928223,0.7559016346931458,0.899010181427002,5.0,0.0,1.5,0.0,0.0,0.0,0.8,0.6,1.2,axis_aligned_box,,3.0,-0.9834370966142125,1.5,0.0,0.030384347220849595,0.0
static_box,12,1789357086.083480835,1789357086.083084345,1789357086.081894398,0,0,matched,0.37354305276808486,0,0,0,4.725584765192708,-0.10343390142885786,1.7313700914382935,0.047602783993095865,-0.021092750902541264,0.0,0.8243508338928223,0.7559016346931458,0.899010181427002,5.0,0.0,1.5,0.0,0.0,0.0,0.8,0.6,1.2,axis_aligned_box,,3.0,-0.9802631988281139,1.5,0.0,0.033049942498396864,0.0
static_box,13,1789357086.182733297,1789357086.182393551,1789357086.181913614,0,0,matched,0.37158774538561135,0,0,0,4.7258936287813,-0.10720050037491285,1.7268285751342773,0.041847071642668744,-0.03921471764217325,0.0,0.8243508338928223,0.7559016346931458,0.899010181427002,5.0,0.0,1.5,0.0,0.0,0.0,0.8,0.6,1.2,axis_aligned_box,,3.0,-0.9768269404626364,1.5,0.0,0.03568340318098341,0.0
static_box,14,1789357086.281940222,1789357086.281638384,1789357086.181913614,0,0,matched,0.3489740118819825,0,0,0,4.720618383585728,-0.10302932399536063,1.681971788406372,0.010485823879900755,-0.022428379267906744,0.0,0.8243508338928223,0.7559016346931458,0.899010181427002,5.0,0.0,1.5,0.0,0.0,0.0,0.8,0.6,1.2,axis_aligned_box,,3.0,-0.9731177754291318,1.5,0.0,0.03829438727571189,0.0
static_box,15,1789357086.379724026,1789357086.379636049,1789357086.281905413,0,0,matched,0.35834972143727306,0,0,0,4.718361254744009,-0.10395701600080966,1.6956708431243896,-0.010234786286827238,-0.016315970004918266,0.0,0.8243508338928223,0.7559016346931458,0.899010181427002,5.0,0.0,1.5,0.0,0.0,0.0,0.8,0.6,1.2,axis_aligned_box,,3.0,-0.9691714773624883,1.5,0.0,0.04086070681214955,0.0
static_box,16,1789357086.480344534,1789357086.480178356,1789357086.381821156,0,0,matched,0.35699043782102735,0,0,0,4.713852488107031,-0.0989312786091637,1.6891411542892456,-0.03351205238367295,0.011005147703426282,0.0,0.8243508338928223,0.7559016346931458,0.899010181427002,5.0,0.0,1.5,0.0,0.0,0.0,0.8,0.6,1.2,axis_aligned_box,,3.0,-0.9649593073262761,1.5,0.0,0.04340389643929633,0.0
static_box,17,1789357086.579772234,1789357086.579618454,1789357086.481824160,0,0,matched,0.3571678239660999,0,0,0,4.703367688826772,-0.09365139101730797,1.6755207777023315,-0.06392762711874397,0.029987650410489907,0.0,0.8243508338928223,0.7559016346931458,0.899010181427002,5.0,0.0,1.5,0.0,0.0,0.0,0.8,0.6,1.2,axis_aligned_box,,3.0,-0.9604874987818022,1.5,0.0,0.04592085827346216,0.0
static_box,18,1789357086.682195425,1789357086.681796789,1789357086.581804276,0,0,matched,0.36047018359600436,0,0,0,4.7025200034124435,-0.08968138866636026,1.6827611923217773,-0.06065624161307115,0.04462930994342647,0.0,0.8243508338928223,0.7559016346931458,0.899010181427002,5.0,0.0,1.5,0.0,0.0,0.0,0.8,0.6,1.2,axis_aligned_box,,3.0,-0.9557707508048907,1.5,0.0,0.048404917251342106,0.0
static_box,19,1789357086.783001900,1789357086.782764673,1789357086.781895161,0,0,matched,0.3831845925367826,0,0,0,4.694801857396617,-0.08323686682494691,1.7162317037582397,-0.07308572605855525,0.05850978904376672,0.0,0.8243508338928223,0.7559016346931458,0.899010181427002,5.0,0.0,1.5,0.0,0.0,0.0,0.8,0.6,1.2,axis_aligned_box,,3.0,-0.9508001378884272,1.5,0.0,0.050862305458586186,0.0
static_box,20,1789357086.880967140,1789357086.880737305,1789357086.781895161,0,0,matched,0.3925084819137088,0,0,0,4.689422421173276,-0.08188455219792312,1.7256089448928833,-0.06735642803325033,0.050958059357920846,0.0,0.8243508338928223,0.7559016346931458,0.899010181427002,5.0,0.0,1.5,0.0,0.0,0.0,0.8,0.6,1.2,axis_aligned_box,,3.0,-0.9456020585600701,1.5,0.0,0.053281872781533554,0.0
static_box,21,1789357086.979898691,1789357086.979752302,1789357086.881872177,0,0,matched,0.37109319559262793,0,0,0,4.6962820702264585,-0.0880205528853856,1.6942111253738403,-0.02981301788811263,0.01853651476601658,0.0,0.8243508338928223,0.7559016346931458,0.899010181427002,5.0,0.0,1.5,0.0,0.0,0.0,0.8,0.6,1.2,axis_aligned_box,,3.0,-0.9401572470934615,1.5,0.0,0.05567441240254778,0.0
static_box,22,1789357087.080146551,1789357087.080030680,1789357086.981819153,0,0,matched,0.35817112683983243,0,0,0,4.701154482595802,-0.08726687489647829,1.6770943403244019,0.00548009964596223,0.003390066028772582,0.0,0.8243508338928223,0.7559016346931458,0.899010181427002,5.0,0.0,1.5,0.0,0.0,0.0,0.8,0.6,1.2,axis_aligned_box,,3.0,-0.9344698127286746,1.5,0.0,0.05803901516940259,0.0
static_box,23,1789357087.182875395,1789357087.182492971,1789357087.181876898,0,0,matched,0.37546719257965383,0,0,0,4.702354365100609,-0.09390137933730586,1.7087228298187256,0.028473995827022286,-0.03008476994432564,0.0,0.8243508338928223,0.7559016346931458,0.899010181427002,5.0,0.0,1.5,0.0,0.0,0.0,0.8,0.6,1.2,axis_aligned_box,,3.0,-0.9285455426760095,1.5,0.0,0.06037429860789759,0.0
static_box,24,1789357087.286259413,1789357087.285798550,1789357087.281910896,0,0,matched,0.36431057747683165,0,0,0,4.699362969742352,-0.08841440753640045,1.6858022212982178,0.022189193096064777,-0.013172858346508276,0.0,0.8243508338928223,0.7559016346931458,0.899010181427002,5.0,0.0,1.5,0.0,0.0,0.0,0.8,0.6,1.2,axis_aligned_box,,3.0,-0.9217587908519106,1.5,0.0,0.06290915799593091,0.0
static_box,25,1789357087.381386280,1789357087.381051302,1789357087.281910896,0,0,matched,0.378277088038723,0,0,0,4.690542302103996,-0.08218078593787777,1.7014343738555908,-0.011106480335308436,0.006381597648664666,0.0,0.8243508338928223,0.7559016346931458,0.899010181427002,5.0,0.0,1.5,0.0,0.0,0.0,0.8,0.6,1.2,axis_aligned_box,,3.0,-0.9160119732611524,1.5,0.0,0.06495182829294695,0.0
static_box,26,1789357087.479870558,1789357087.479644775,1789357087.381854773,0,0,matched,0.39548195115310875,0,0,0,4.685562696969957,-0.08536323800224561,1.7241612672805786,-0.03429261620749198,0.007054974467157759,0.0,0.8243508338928223,0.7559016346931458,0.899010181427002,5.0,0.0,1.5,0.0,0.0,0.0,0.8,0.6,1.2,axis_aligned_box,,3.0,-0.9094073448277715,1.5,0.0,0.06719479018281138,0.0
static_box,27,1789357087.581985950,1789357087.581594944,1789357087.481835842,0,0,matched,0.4029723562748424,0,0,0,4.683066502829479,-0.08887352297977255,1.7324680089950562,-0.044842035403109166,-0.002422335286166209,0.0,0.8243508338928223,0.7559016346931458,0.899010181427002,5.0,0.0,1.5,0.0,0.0,0.0,0.8,0.6,1.2,axis_aligned_box,,3.0,-0.9025762949993009,1.5,0.0,0.0694089585156585,0.0
static_box,28,1789357087.680492401,1789357087.680350542,1789357087.581870079,0,0,matched,0.3823533955357425,0,0,0,4.688543346098912,-0.090787798838083,1.7023522853851318,-0.019102604326974533,-0.014909236378902294,0.0,0.8243508338928223,0.7559016346931458,0.899010181427002,5.0,0.0,1.5,0.0,0.0,0.0,0.8,0.6,1.2,axis_aligned_box,,3.0,-0.8955264525883355,1.5,0.0,0.07159277497659253,0.0
static_box,29,1789357087.782935381,1789357087.782621861,1789357087.781917810,0,0,matched,0.3747318363652695,0,0,0,4.6966597611486005,-0.09974208717764096,1.6961126327514648,0.01836474499342424,-0.043147011821855596,0.0,0.8243508338928223,0.7559016346931458,0.899010181427002,5.0,0.0,1.5,0.0,0.0,0.0,0.8,0.6,1.2,axis_aligned_box,,3.0,-0.8882579324490566,1.5,0.0,0.07374712093139303,0.0
static_box,30,1789357087.881435394,1789357087.881269932,1789357087.781917810,0,0,matched,0.37574147930033697,0,0,0,4.697392398245567,-0.0972187147335723,1.7003966569900513,0.03264915831074614,-0.03139799357262608,0.0,0.8243508338928223,0.7559016346931458,0.899010181427002,5.0,0.0,1.5,0.0,0.0,0.0,0.8,0.6,1.2,axis_aligned_box,,3.0,-0.8807770687444882,1.5,0.0,0.07587100381512515,0.0
static_box,31,1789357087.982864141,1789357087.982335806,1789357087.981917381,0,0,matched,0.35381533068594717,0,0,0,4.698374754555706,-0.09238081868608648,1.6602288484573364,0.03657654207879811,-0.011240534325883348,0.0,0.8243508338928223,0.7559016346931458,0.899010181427002,5.0,0.0,1.5,0.0,0.0,0.0,0.8,0.6,1.2,axis_aligned_box,,3.0,-0.8730815328770879,1.5,0.0,0.07796590018877858,0.0
static_box,32,1789357088.082779646,1789357088.082256317,1789357088.081943512,0,0,matched,0.374138823115252,0,0,0,4.690529470228861,-0.0837170554716823,1.6928712129592896,0.0017879277985161715,0.03045560867269588,0.0,0.8243508338928223,0.7559016346931458,0.899010181427002,5.0,0.0,1.5,0.0,0.0,0.0,0.8,0.6,1.2,axis_aligned_box,,3.0,-0.865177305052138,1.5,0.0,0.08003092605424085,0.0
static_box,33,1789357088.182371855,1789357088.182043791,1789357088.081943512,0,0,matched,0.38978135608736914,0,0,0,4.6893720140699005,-0.08284754482060332,1.7203997373580933,-0.01116923130836017,0.04004915088385562,0.0,0.8243508338928223,0.7559016346931458,0.899010181427002,5.0,0.0,1.5,0.0,0.0,0.0,0.8,0.6,1.2,axis_aligned_box,,3.0,-0.8570799235360655,1.5,0.0,0.08206297942147255,0.0
static_box,34,1789357088.282783031,1789357088.282175064,1789357088.281932831,0,0,matched,0.3991396396534512,0,0,0,4.687675963747832,-0.08038413231288088,1.7351691722869873,-0.024857733150066813,0.0458119667143829,0.0,0.8243508338928223,0.7559016346931458,0.899010181427002,5.0,0.0,1.5,0.0,0.0,0.0,0.8,0.6,1.2,axis_aligned_box,,3.0,-0.8487720429233943,1.5,0.0,0.0840672131993888,0.0
static_box,35,1789357088.382227182,1789357088.381867886,1789357088.281932831,0,0,matched,0.3760953290692291,0,0,0,4.691019828077644,-0.0825875180966942,1.697884440422058,-0.010088078329627596,0.025418782673579138,0.0,0.8243508338928223,0.7559016346931458,0.899010181427002,5.0,0.0,1.5,0.0,0.0,0.0,0.8,0.6,1.2,axis_aligned_box,,3.0,-0.8402601454808084,1.5,0.0,0.08604259250510524,0.0
static_box,36,1789357088.483946562,1789357088.483674288,1789357088.481984138,0,0,matched,0.3705705517221411,0,0,0,4.696206652609527,-0.09553226435735632,1.6894880533218384,0.010960619515974782,-0.025545635055933397,0.0,0.8243508338928223,0.7559016346931458,0.899010181427002,5.0,0.0,1.5,0.0,0.0,0.0,0.8,0.6,1.2,axis_aligned_box,,3.0,-0.831566964437618,1.5,0.0,0.0879846631073532,0.0
static_box,37,1789357088.580185890,1789357088.579951048,1789357088.481984138,0,0,matched,0.38105870179266005,0,0,0,4.684202916777185,-0.08163156401825314,1.697013258934021,-0.019116217391228645,0.005815977464439417,0.0,0.8243508338928223,0.7559016346931458,0.899010181427002,5.0,0.0,1.5,0.0,0.0,0.0,0.8,0.6,1.2,axis_aligned_box,,3.0,-0.8226749587890143,1.5,0.0,0.08989812291234595,0.0
static_box,38,1789357088.684392691,1789357088.683949947,1789357088.681924343,0,0,matched,0.3812224740189376,0,0,0,4.68589042297625,-0.08531237070297834,1.698462963104248,-0.013037282829093258,-0.010368486902082492,0.0,0.8243508338928223,0.7559016346931458,0.899010181427002,5.0,0.0,1.5,0.0,0.0,0.0,0.8,0.6,1.2,axis_aligned_box,,3.0,-0.8135838571812137,1.5,0.0,0.09178349256478202,0.0
static_box,39,1789357088.783961773,1789357088.783677340,1789357088.782000303,0,0,matched,0.37518834234346476,0,0,0,4.677541604849228,-0.07732505953511623,1.6755212545394897,-0.044993679391993016,0.02852200780748598,0.0,0.8243508338928223,0.7559016346931458,0.899010181427002,5.0,0.0,1.5,0.0,0.0,0.0,0.8,0.6,1.2,axis_aligned_box,,3.0,-0.8042988167463213,1.5,0.0,0.09364014595659134,0.0
static_box,40,1789357088.882375240,1789357088.881995440,1789357088.782000303,0,0,matched,0.3930249830849975,0,0,0,4.678080553147459,-0.0777377020675184,1.7116444110870361,-0.03256668196282315,0.020324563448468027,0.0,0.8243508338928223,0.7559016346931458,0.899010181427002,5.0,0.0,1.5,0.0,0.0,0.0,0.8,0.6,1.2,axis_aligned_box,,3.0,-0.7948609820449268,1.5,0.0,0.09546071641921694,0.0
static_box,41,1789357088.982408524,1789357088.982079029,1789357088.882017374,0,0,matched,0.41010297382852023,0,0,0,4.679894366967026,-0.07941018966250785,1.7437434196472168,-0.02204683079589123,0.016052469273400434,0.0,0.8243508338928223,0.7559016346931458,0.899010181427002,5.0,0.0,1.5,0.0,0.0,0.0,0.8,0.6,1.2,axis_aligned_box,,3.0,-0.7852251568203081,1.5,0.0,0.09725464653501699,0.0
static_box,42,1789357089.083077908,1789357089.082739353,1789357089.082013607,0,0,matched,0.39192977019484715,0,0,0,4.681755630170716,-0.07905511087027989,1.714661955833435,-0.001960420212641662,0.007009214392993023,0.0,0.8243508338928223,0.7559016346931458,0.899010181427002,5.0,0.0,1.5,0.0,0.0,0.0,0.8,0.6,1.2,axis_aligned_box,,3.0,-0.7754030377216587,1.5,0.0,0.09902006229437223,0.0
static_box,43,1789357089.183030844,1789357089.182360172,1789357089.182023525,0,0,matched,0.3781621391822248,0,0,0,4.682872126217146,-0.07343690489563164,1.6924669742584229,0.010135269786091326,0.017873097844930404,0.0,0.8243508338928223,0.7559016346931458,0.899010181427002,5.0,0.0,1.5,0.0,0.0,0.0,0.8,0.6,1.2,axis_aligned_box,,3.0,-0.7654203395972085,1.5,0.0,0.10075293657006894,0.0
static_box,44,1789357089.283182383,1789357089.282716036,1789357089.282078028,0,0,matched,0.3746727280775979,0,0,0,4.683512612442114,-0.07438828504118607,1.6862304210662842,0.015206276330307238,0.012586092671923935,0.0,0.8243508338928223,0.7559016346931458,0.899010181427002,5.0,0.0,1.5,0.0,0.0,0.0,0.8,0.6,1.2,axis_aligned_box,,3.0,-0.755262001672091,1.5,0.0,0.10245650041661558,0.0
static_box,45,1789357089.383013725,1789357089.382580757,1789357089.382044554,0,0,matched,0.3883458660185617,0,0,0,4.682042459521234,-0.069609815376022,1.7118253707885742,0.0092512044795202,0.025874266816020244,0.0,0.8243508338928223,0.7559016346931458,0.899010181427002,5.0,0.0,1.5,0.0,0.0,0.0,0.8,0.6,1.2,axis_aligned_box,,3.0,-0.7449360627205761,1.5,0.0,0.1041298845365436,0.0
static_box,46,1789357089.483083248,1789357089.482511997,1789357089.482117653,0,0,matched,0.38574505893134076,0,0,0,4.677114748883451,-0.06765671947462323,1.6999173164367676,-0.009278143210250387,0.02418547121954208,0.0,0.8243508338928223,0.7559016346931458,0.899010181427002,5.0,0.0,1.5,0.0,0.0,0.0,0.8,0.6,1.2,axis_aligned_box,,3.0,-0.7344356169725101,1.5,0.0,0.10577463352960995,0.0
static_box,47,1789357089.581769466,1789357089.581355095,1789357089.482117653,0,0,matched,0.38682102348351594,0,0,0,4.679821452524551,-0.06805821857335864,1.7061171531677246,-0.004855291166217392,0.019308166511134314,0.0,0.8243508338928223,0.7559016346931458,0.899010181427002,5.0,0.0,1.5,0.0,0.0,0.0,0.8,0.6,1.2,axis_aligned_box,,3.0,-0.7237822851235511,1.5,0.0,0.10738784065505287,0.0
static_box,48,1789357089.682650328,1789357089.682188749,1789357089.681921244,0,0,matched,0.42455647352312287,1,0,0,5.217848777770996,-0.34936246275901794,1.6036145687103271,0.0,0.0,0.0,0.38309717178344727,0.13633018732070923,0.6685458421707153,5.0,0.0,1.5,0.0,0.0,0.0,0.8,0.6,1.2,axis_aligned_box,,3.0,-0.7129565020249002,1.5,0.0,0.10897290537512476,0.0
static_box,48,1789357089.682650328,1789357089.682188749,1789357089.681921244,unmatched_est_0,,unmatched_estimate,,0,1,0,4.642230671488213,-0.044574845709258015,1.7361743450164795,-0.1206703338186013,0.0825706182533639,0.0,0.8243508338928223,0.7559016346931458,0.899010181427002,,,,,,,,,,,,3.0,-0.7129565020249002,1.5,0.0,0.10897290537512476,0.0
static_box,49,1789357089.782959700,1789357089.782577753,1789357089.781907558,0,0,matched,0.4204347865950889,0,0,0,4.651987106596537,-0.05067235055895382,1.7304012775421143,-0.08369455279130718,0.055297343519500636,0.0,0.8243508338928223,0.7559016346931458,0.899010181427002,5.0,0.0,1.5,0.0,0.0,0.0,0.8,0.6,1.2,axis_aligned_box,,3.0,-0.7019840938999238,1.5,0.0,0.11052646816905407,0.0
static_box,50,1789357089.885940313,1789357089.885470629,1789357089.881936312,0,0,matched,0.4023285262725236,0,0,0,4.661670597504851,-0.05683984802469595,1.7101682424545288,-0.053321845907055854,0.03210827895827156,0.0,0.8243508338928223,0.7559016346931458,0.899010181427002,5.0,0.0,1.5,0.0,0.0,0.0,0.8,0.6,1.2,axis_aligned_box,,3.0,-0.689730221123791,1.5,0.0,0.11220165155695103,0.0
static_box,51,1789357089.986377239,1789357089.986003876,1789357089.981920004,0,0,matched,0.3934589682610844,0,0,0,4.66965007542749,-0.05973969718894473,1.705207347869873,0.01981612307338597,-0.008977156274209037,0.0,0.8243508338928223,0.7559016346931458,0.899010181427002,5.0,0.0,1.5,0.0,0.0,0.0,0.8,0.6,1.2,axis_aligned_box,,3.0,-0.678428140001375,1.5,0.0,0.11369353077942956,0.0
static_box,52,1789357090.084297657,1789357090.083929062,1789357090.082057714,0,0,matched,0.3631388166150585,2,2,0,5.0245466232299805,-0.35874947905540466,1.5506564378738403,0.0,0.0,0.0,0.12651348114013672,0.10315126180648804,0.7113702297210693,5.0,0.0,1.5,0.0,0.0,0.0,0.8,0.6,1.2,axis_aligned_box,,3.0,-0.6681485506761836,1.5,0.0,0.11500818151828254,0.0
static_box,52,1789357090.084297657,1789357090.083929062,1789357090.082057714,unmatched_est_0,,unmatched_estimate,,0,0,0,4.636487956264153,-0.04412901216403154,1.6787569522857666,-0.060224241237227735,0.024868473997883153,0.0,0.4658942222595215,0.7714711427688599,0.9292206764221191,,,,,,,,,,,,3.0,-0.6681485506761836,1.5,0.0,0.11500818151828254,0.0
static_box,52,1789357090.084297657,1789357090.083929062,1789357090.082057714,unmatched_est_1,,unmatched_estimate,,1,1,0,5.292278289794922,-0.3326210379600525,1.531543254852295,0.0,0.0,0.0,0.0778813362121582,0.11793878674507141,0.7384864091873169,,,,,,,,,,,,3.0,-0.6681485506761836,1.5,0.0,0.11500818151828254,0.0
static_box,53,1789357090.183031797,1789357090.182798862,1789357090.182208300,0,0,matched,0.4238036514906403,0,0,0,4.637063997372318,-0.044314385003729105,1.7142970561981201,-0.054953553299069424,0.02272723074081854,0.0,0.7979559898376465,0.7754265069961548,0.8871203660964966,5.0,0.0,1.5,0.0,0.0,0.0,0.8,0.6,1.2,axis_aligned_box,,3.0,-0.6565671890102932,1.5,0.0,0.11644319719856426,0.0
static_box,54,1789357090.282447815,1789357090.282120943,1789357090.182208300,0,0,matched,0.41852071699197085,1,0,0,5.257800579071045,-0.3154813051223755,1.5957601070404053,0.0,0.0,0.0,0.13425064086914062,0.04427289962768555,0.6015836000442505,5.0,0.0,1.5,0.0,0.0,0.0,0.8,0.6,1.2,axis_aligned_box,,3.0,-0.6448595697403241,1.5,0.0,0.11784630090253952,0.0
static_box,54,1789357090.282447815,1789357090.282120943,1789357090.182208300,unmatched_est_0,,unmatched_estimate,,0,1,0,4.618679384987993,-0.028423366657816328,1.7227004766464233,-0.12266884906289002,0.07656207498343702,0.0,0.7979559898376465,0.7754265069961548,0.8871203660964966,,,,,,,,,,,,3.0,-0.6448595697403241,1.5,0.0,0.11784630090253952,0.0
static_box,55,1789357090.383091688,1789357090.382460594,1789357090.381976604,0,0,matched,0.43865578070837996,0,0,0,4.631780395721095,-0.03928498876206821,1.7351380586624146,-0.050148162491166576,0.028417099266866926,0.0,0.7979559898376465,0.7754265069961548,0.8871203660964966,5.0,0.0,1.5,0.0,0.0,0.0,0.8,0.6,1.2,axis_aligned_box,,3.0,-0.6330033309101017,1.5,0.0,0.11922056851117528,0.0
static_box,56,1789357090.480848074,1789357090.480646372,1789357090.381976604,0,0,matched,0.40086474487511986,1,1,0,5.255255222320557,-0.3088094890117645,1.4868085384368896,0.0,0.0,0.0,0.0334010124206543,0.040587544441223145,0.3988875150680542,5.0,0.0,1.5,0.0,0.0,0.0,0.8,0.6,1.2,axis_aligned_box,,3.0,-0.6210205640249349,1.5,0.0,0.1205637834533192,0.0
static_box,56,1789357090.480848074,1789357090.480646372,1789357090.381976604,unmatched_est_0,,unmatched_estimate,,0,0,0,4.6222784302918525,-0.034019407783452756,1.7170166969299316,-0.05938548602062586,0.035945561670490414,0.0,0.7979559898376465,0.7754265069961548,0.8871203660964966,,,,,,,,,,,,3.0,-0.6210205640249349,1.5,0.0,0.1205637834533192,0.0
static_box,57,1789357090.580013752,1789357090.579805613,1789357090.481852770,0,0,matched,0.4079018028317689,0,0,0,4.639133899345015,-0.05138051811143386,1.6830835342407227,0.029845368110305748,-0.04344568357517302,0.0,0.7979559898376465,0.7754265069961548,0.8871203660964966,5.0,0.0,1.5,0.0,0.0,0.0,0.8,0.6,1.2,axis_aligned_box,,3.0,-0.6089018517256153,1.5,0.0,0.12187737260307832,0.0
static_box,58,1789357090.682388544,1789357090.682056665,1789357090.581805468,0,0,matched,0.4319752072294528,0,0,0,4.623314253553639,-0.039506733817029065,1.707724928855896,-0.012035217038537986,-0.009722333555091778,0.0,0.28656435012817383,0.77329421043396,0.8972313404083252,5.0,0.0,1.5,0.0,0.0,0.0,0.8,0.6,1.2,axis_aligned_box,,3.0,-0.5966356997056768,1.5,0.0,0.12316279482094838,0.0
static_box,58,1789357090.682388544,1789357090.682056665,1789357090.581805468,unmatched_est_1,,unmatched_estimate,,1,1,0,5.231769561767578,-0.3237144947052002,1.6996122598648071,0.0,0.0,0.0,0.3151674270629883,0.11471489071846008,0.7790907621383667,,,,,,,,,,,,3.0,-0.5966356997056768,1.5,0.0,0.12316279482094838,0.0
static_box,59,1789357090.783039570,1789357090.782794476,1789357090.781922340,0,0,matched,0.38236414551397896,1,1,0,5.137973588906039,-0.35660161554642567,1.5009572505950928,-0.6508064069661111,-0.22818835710285276,0.0,0.2454972267150879,0.1021524965763092,0.6742331981658936,5.0,0.0,1.5,0.0,0.0,0.0,0.8,0.6,1.2,axis_aligned_box,,3.0,-0.5842667184357501,1.5,0.0,0.12441572383003245,0.0
static_box,59,1789357090.783039570,1789357090.782794476,1789357090.781922340,unmatched_est_0,,unmatched_estimate,,0,0,0,4.613391973915419,-0.027166960867646167,1.7008157968521118,-0.027067336513369213,0.019781013889877186,0.0,0.28656435012817383,0.77329421043396,0.8972313404083252,,,,,,,,,,,,3.0,-0.5842667184357501,1.5,0.0,0.12441572383003245,0.0
static_box,60,1789357090.881890297,1789357090.881602764,1789357090.781922340,0,0,matched,0.40256045454542855,1,1,0,5.129433123376462,-0.35985600144878954,1.625720500946045,-0.6643748719084082,-0.23402970916561472,0.0,0.2454972267150879,0.1021524965763092,0.6742331981658936,5.0,0.0,1.5,0.0,0.0,0.0,0.8,0.6,1.2,axis_aligned_box,,3.0,-0.5717606239508912,1.5,0.0,0.1256399935673545,0.0
static_box,60,1789357090.881890297,1789357090.881602764,1789357090.781922340,unmatched_est_0,,unmatched_estimate,,0,0,0,4.603476711184606,-0.015457971573682007,1.6962265968322754,-0.07171044749180745,0.07402935270746866,0.0,0.28656435012817383,0.77329421043396,0.8972313404083252,,,,,,,,,,,,3.0,-0.5717606239508912,1.5,0.0,0.1256399935673545,0.0
static_box,61,1789357090.982944489,1789357090.982362986,1789357090.981914997,0,0,matched,0.44586210418196043,0,0,0,4.601811422063265,-0.02457618317994308,1.6990851163864136,-0.06831491983336561,0.04479879410464704,0.0,0.28656435012817383,0.77329421043396,0.8972313404083252,5.0,0.0,1.5,0.0,0.0,0.0,0.8,0.6,1.2,axis_aligned_box,,3.0,-0.5591367488101591,1.5,0.0,0.12683395348406473,0.0
static_box,62,1789357091.082834244,1789357091.082100630,1789357091.081928968,0,0,matched,0.46209585133493936,0,0,0,4.603307906842756,-0.02698643151076248,1.7354563474655151,-0.047201618643569115,0.022269504408078702,0.0,0.4853835105895996,0.778640627861023,0.8573430776596069,5.0,0.0,1.5,0.0,0.0,0.0,0.8,0.6,1.2,axis_aligned_box,,3.0,-0.5463888749973782,1.5,0.0,0.12799846160249978,0.0
static_box,62,1789357091.082834244,1789357091.082100630,1789357091.081928968,unmatched_est_1,,unmatched_estimate,,1,1,0,5.192008018493652,-0.3329487442970276,1.8879567384719849,0.0,0.0,0.0,0.3290882110595703,0.10845029354095459,0.49939465522766113,,,,,,,,,,,,3.0,-0.5463888749973782,1.5,0.0,0.12799846160249978,0.0
static_box,63,1789357091.182067871,1789357091.181710482,1789357091.081928968,0,0,matched,0.4595334445624629,0,0,0,4.604192169219637,-0.02798114943871067,1.7317848205566406,-0.020378428290296006,-0.007106980637936886,0.0,0.4853835105895996,0.778640627861023,0.8573430776596069,5.0,0.0,1.5,0.0,0.0,0.0,0.8,0.6,1.2,axis_aligned_box,,3.0,-0.5335396055998463,1.5,0.0,0.12913176229355888,0.0
static_box,64,1789357091.282362223,1789357091.282014132,1789357091.181998014,0,0,matched,0.45039887062576145,0,0,0,4.604959331779369,-0.03131300828871982,1.714059591293335,0.00011252955652285915,-0.023946505835526603,0.0,0.4853835105895996,0.778640627861023,0.8573430776596069,5.0,0.0,1.5,0.0,0.0,0.0,0.8,0.6,1.2,axis_aligned_box,,3.0,-0.5205707760006999,1.5,0.0,0.13023574960245607,0.0
static_box,65,1789357091.382116079,1789357091.381769896,1789357091.282067776,0,0,matched,0.4326394882288512,0,0,0,4.607907871210427,-0.03110667353257554,1.680202841758728,0.018316454747998933,-0.023706563870438676,0.0,0.4853835105895996,0.778640627861023,0.8573430776596069,5.0,0.0,1.5,0.0,0.0,0.0,0.8,0.6,1.2,axis_aligned_box,,3.0,-0.5074949868929279,1.5,0.0,0.13130957944097543,0.0
static_box,66,1789357091.481601954,1789357091.481308222,1789357091.381980419,0,0,matched,0.37716546244292615,3,2,0,5.199582099914551,-0.30504995584487915,1.4032255411148071,0.0,0.0,0.0,0.010013580322265625,0.0010107159614562988,0.3488490581512451,5.0,0.0,1.5,0.0,0.0,0.0,0.8,0.6,1.2,axis_aligned_box,,3.0,-0.4943075538007813,1.5,0.0,0.13235386614385705,0.0
static_box,66,1789357091.481601954,1789357091.481308222,1789357091.381980419,unmatched_est_0,,unmatched_estimate,,0,0,0,4.607209658566278,-0.02949749377044293,1.7038967609405518,0.019076299310557834,-0.015710294302657236,0.0,0.4853835105895996,0.778640627861023,0.8573430776596069,,,,,,,,,,,,3.0,-0.4943075538007813,1.5,0.0,0.13235386614385705,0.0
static_box,66,1789357091.481601954,1789357091.481308222,1789357091.381980419,unmatched_est_1,,unmatched_estimate,,1,1,0,5.119985103607178,-0.34555694460868835,1.8505401611328125,0.0,0.0,0.0,0.4021797180175781,0.09576836228370667,0.3003401756286621,,,,,,,,,,,,3.0,-0.4943075538007813,1.5,0.0,0.13235386614385705,0.0
static_box,67,1789357091.580181360,1789357091.580033541,1789357091.481933594,0,0,matched,0.44173920349617996,0,0,0,4.610420011595541,-0.032663254441144055,1.7056552171707153,0.027720559518109103,-0.017622973187273,0.0,0.4853835105895996,0.778640627861023,0.8573430776596069,5.0,0.0,1.5,0.0,0.0,0.0,0.8,0.6,1.2,axis_aligned_box,,3.0,-0.48102603299793933,1.5,0.0,0.13336747009896108,0.0
static_box,68,1789357091.679852009,1789357091.679687738,1789357091.581894159,0,0,matched,0.4382685360752115,0,0,0,4.604709443712261,-0.018476688220399863,1.6883701086044312,0.003879889438376742,0.0316492168298103,0.0,0.4853835105895996,0.778640627861023,0.8573430776596069,5.0,0.0,1.5,0.0,0.0,0.0,0.8,0.6,1.2,axis_aligned_box,,3.0,-0.467638280488589,1.5,0.0,0.13435155774603608,0.0
static_box,69,1789357091.782837152,1789357091.782250166,1789357091.781872749,0,0,matched,0.45968509442840133,0,0,0,4.606733296410786,-0.025311689182581157,1.7366664409637451,0.00567653783786305,0.012495603342747415,0.0,0.4853835105895996,0.778640627861023,0.8573430776596069,5.0,0.0,1.5,0.0,0.0,0.0,0.8,0.6,1.2,axis_aligned_box,,3.0,-0.45414702746194036,1.5,0.0,0.13530609512303032,0.0
static_box,70,1789357091.881949902,1789357091.881546259,1789357091.781872749,0,0,matched,0.4527572465481664,0,0,0,4.606985999186432,-0.029740397985174853,1.7228107452392578,-0.0014132319136822627,0.0043949132234053345,0.0,0.28960418701171875,0.7782796621322632,0.8458034992218018,5.0,0.0,1.5,0.0,0.0,0.0,0.8,0.6,1.2,axis_aligned_box,,3.0,-0.4405736209477855,1.5,0.0,0.13622980536930607,0.0
static_box,71,1789357091.983217955,1789357091.982954025,1789357091.981905222,0,0,matched,0.4530954506373575,0,0,0,4.60542545860417,-0.027034551598646796,1.7210781574249268,-0.004188885470617987,-0.0022351168750769854,0.0,0.28960418701171875,0.7782796621322632,0.8458034992218018,5.0,0.0,1.5,0.0,0.0,0.0,0.8,0.6,1.2,axis_aligned_box,,3.0,-0.426905836160272,1.5,0.0,0.13712375801719442,0.0
static_box,72,1789357092.083122730,1789357092.082836390,1789357092.081926584,0,0,matched,0.44933539239345105,0,0,0,4.603916277851848,-0.03152035858638877,1.709824800491333,-0.009639342893801662,-0.018053342236016474,0.0,0.28960418701171875,0.7782796621322632,0.8458034992218018,5.0,0.0,1.5,0.0,0.0,0.0,0.8,0.6,1.2,axis_aligned_box,,3.0,-0.41315265733445616,1.5,0.0,0.13798755746198246,0.0
static_box,73,1789357092.183058500,1789357092.182802677,1789357092.181921482,0,0,matched,0.4364708778876571,0,0,0,4.6017029603357615,-0.026674588367570737,1.6765071153640747,-0.0166440499242688,0.0006686168736185216,0.0,0.28960418701171875,0.7782796621322632,0.8458034992218018,5.0,0.0,1.5,0.0,0.0,0.0,0.8,0.6,1.2,axis_aligned_box,,3.0,-0.39931094034951053,1.5,0.0,0.138821585147403,0.0
static_box,74,1789357092.283693075,1789357092.283301592,1789357092.281936646,0,0,matched,0.453617316072096,0,0,0,4.600824012840578,-0.017656910516945803,1.714745044708252,-0.017281020451560675,0.027904746483269693,0.0,0.28960418701171875,0.7782796621322632,0.8458034992218018,5.0,0.0,1.5,0.0,0.0,0.0,0.8,0.6,1.2,axis_aligned_box,,3.0,-0.3853828542159615,1.5,0.0,0.13962586050372025,0.0
static_box,75,1789357092.383023977,1789357092.382522821,1789357092.381934404,0,0,matched,0.4456544179847631,0,0,0,4.60042286750926,-0.01539143889465638,1.6967462301254272,-0.014959436082373646,0.040440393087765536,0.0,0.28960418701171875,0.7782796621322632,0.8458034992218018,5.0,0.0,1.5,0.0,0.0,0.0,0.8,0.6,1.2,axis_aligned_box,,3.0,-0.37138136722013226,1.5,0.0,0.14039981194830337,0.0
static_box,76,1789357092.480282068,1789357092.480127573,1789357092.381934404,0,0,matched,0.45636754860156215,0,0,0,4.600998250303695,-0.0187468293891218,1.7207204103469849,-0.00777421038734292,0.02788325450121604,0.0,0.28960418701171875,0.7782796621322632,0.8458034992218018,5.0,0.0,1.5,0.0,0.0,0.0,0.8,0.6,1.2,axis_aligned_box,,3.0,-0.3573135088402968,1.5,0.0,0.1411432717313192,0.0
static_box,77,1789357092.579966545,1789357092.579739571,1789357092.481831074,0,0,matched,0.4697815446289116,0,0,0,4.5992486566784,-0.014789398101939386,1.744692325592041,-0.008291333792872824,0.026899101892299666,0.0,0.28960418701171875,0.7782796621322632,0.8458034992218018,5.0,0.0,1.5,0.0,0.0,0.0,0.8,0.6,1.2,axis_aligned_box,,3.0,-0.3431674402874587,1.5,0.0,0.14185703883507828,0.0
static_box,78,1789357092.680864573,1789357092.680703402,1789357092.581797600,0,0,matched,0.450262097889597,0,0,0,4.5967359131929175,-0.008524173888782663,1.7001034021377563,-0.01224423955804856,0.033362566385747375,0.0,0.13699054718017578,0.7675079703330994,0.8613563776016235,5.0,0.0,1.5,0.0,0.0,0.0,0.8,0.6,1.2,axis_aligned_box,,3.0,-0.32894549963088626,1.5,0.0,0.14254110604363945,0.0
static_box,79,1789357092.784952164,1789357092.784360409,1789357092.781885386,0,0,matched,0.4448555230449639,0,0,0,4.595930777817987,-0.010002057744819173,1.6858075857162476,-0.013232561851868932,0.024161525527988434,0.0,0.13699054718017578,0.7675079703330994,0.8613563776016235,5.0,0.0,1.5,0.0,0.0,0.0,0.8,0.6,1.2,axis_aligned_box,,3.0,-0.31321648503211863,1.5,0.0,0.1432592635013477,0.0
static_box,80,1789357092.882808685,1789357092.882539511,1789357092.881923914,0,0,matched,0.45477857855791665,0,0,0,4.5947105524012635,-0.013900718796119312,1.7058416604995728,-0.014204046207156314,0.004935379549552806,0.0,0.13699054718017578,0.7675079703330994,0.8613563776016235,5.0,0.0,1.5,0.0,0.0,0.0,0.8,0.6,1.2,axis_aligned_box,,3.0,-0.3002819302266999,1.5,0.0,0.14382014706276552,0.0
static_box,81,1789357092.983526945,1789357092.983247042,1789357092.981908798,0,0,matched,0.4517673535218737,0,0,0,4.594321035826589,-0.005649037221422619,1.69871187210083,-0.010683748071151983,0.018206235466888886,0.0,0.22412395477294922,0.7619379758834839,0.8957027196884155,5.0,0.0,1.5,0.0,0.0,0.0,0.8,0.6,1.2,axis_aligned_box,,3.0,-0.2858873015989617,1.5,0.0,0.14441337846826435,0.0
static_box,82,1789357093.083056211,1789357093.082795858,1789357093.081918955,0,0,matched,0.4546710557669452,0,0,0,4.594863083444248,-0.0036639669257819496,1.7063405513763428,-0.005045083456456631,0.01826864979719898,0.0,0.22412395477294922,0.7619379758834839,0.8957027196884155,5.0,0.0,1.5,0.0,0.0,0.0,0.8,0.6,1.2,axis_aligned_box,,3.0,-0.2714155248100599,1.5,0.0,0.14497741610577825,0.0
static_box,83,1789357093.186518192,1789357093.186197996,1789357093.181929588,0,0,matched,0.47193381972427817,0,0,0,4.595497085611731,-0.008726372973344571,1.7429460287094116,0.0008414543794803614,0.004646239169275477,0.0,0.12653589248657227,0.7307800054550171,0.8429259061813354,5.0,0.0,1.5,0.0,0.0,0.0,0.8,0.6,1.2,axis_aligned_box,,3.0,-0.25541982586002343,1.5,0.0,0.1455636742891865,0.0
static_box,84,1789357093.285973549,1789357093.285771132,1789357093.281926632,0,0,matched,0.4703149129877157,0,0,0,4.599623424229713,-0.021292907330615896,1.7458481788635254,0.016161300918642943,-0.04149269754820397,0.0,0.12653589248657227,0.7307800054550171,0.8429259061813354,5.0,0.0,1.5,0.0,0.0,0.0,0.8,0.6,1.2,axis_aligned_box,,3.0,-0.2408545435421804,1.5,0.0,0.14606405520279495,0.0
static_box,85,1789357093.384333134,1789357093.384021044,1789357093.381920099,0,0,matched,0.45900968715135126,0,0,0,4.603338805224322,-0.026787875445477425,1.729417085647583,0.028024084029438887,-0.06482095814844553,0.0,0.12653589248657227,0.7307800054550171,0.8429259061813354,5.0,0.0,1.5,0.0,0.0,0.0,0.8,0.6,1.2,axis_aligned_box,,3.0,-0.22768636580677226,1.5,0.0,0.14648936579696709,0.0
static_box,86,1789357093.483039141,1789357093.482780457,1789357093.481911898,0,0,matched,0.4377235956444076,0,0,0,4.606048004054928,-0.03157467699237914,1.6881669759750366,0.03521999504031182,-0.07702340646008156,0.0,0.12653589248657227,0.7307800054550171,0.8429259061813354,5.0,0.0,1.5,0.0,0.0,0.0,0.8,0.6,1.2,axis_aligned_box,,3.0,-0.21302053064706727,1.5,0.0,0.14693315700985704,0.0
static_box,87,1789357093.583614826,1789357093.583298683,1789357093.581920147,0,0,matched,0.45036986922353334,0,0,0,4.604204492173097,-0.03127702053924769,1.7126045227050781,0.023049009283694518,-0.05734223552236235,0.0,0.12653589248657227,0.7307800054550171,0.8429259061813354,5.0,0.0,1.5,0.0,0.0,0.0,0.8,0.6,1.2,axis_aligned_box,,3.0,-0.19829686581709438,1.5,0.0,0.14734737609041948,0.0
static_box,88,1789357093.683580160,1789357093.683274746,1789357093.681870222,0,0,matched,0.4499427078665078,0,0,0,4.60285660404958,-0.023667160023033415,1.710155725479126,0.009441897377027247,-0.013231665488627989,0.0,0.12653589248657227,0.7307800054550171,0.8429259061813354,5.0,0.0,1.5,0.0,0.0,0.0,0.8,0.6,1.2,axis_aligned_box,,3.0,-0.1835491757941552,1.5,0.0,0.14773115928736322,0.0
static_box,89,1789357093.782926798,1789357093.782704830,1789357093.781917334,0,0,matched,0.4430578634573892,0,0,0,4.600824818711555,-0.009376844999095713,1.6920195817947388,-0.0069045764446985115,0.05094555430207358,0.0,0.12653589248657227,0.7307800054550171,0.8429259061813354,5.0,0.0,1.5,0.0,0.0,0.0,0.8,0.6,1.2,axis_aligned_box,,3.0,-0.16874612206504458,1.5,0.0,0.14808539231094373,0.0
static_box,90,1789357093.882667065,1789357093.882358789,1789357093.881920338,0,0,matched,0.45424593944362546,0,0,0,4.59828447746024,-0.010079676966860792,1.7118074893951416,-0.018903277637737845,0.061175995934927896,0.0,0.12653589248657227,0.7307800054550171,0.8429259061813354,5.0,0.0,1.5,0.0,0.0,0.0,0.8,0.6,1.2,axis_aligned_box,,3.0,-0.1539340652308222,1.5,0.0,0.1484090574645739,0.0
static_box,91,1789357093.981756210,1789357093.981432676,1789357093.881920338,0,0,matched,0.4682682431716528,0,0,0,4.596330661587027,-0.008260981789739073,1.7371876239776611,-0.02521719407995347,0.06397116010202653,0.0,0.12653589248657227,0.7307800054550171,0.8429259061813354,5.0,0.0,1.5,0.0,0.0,0.0,0.8,0.6,1.2,axis_aligned_box,,3.0,-0.13907152487975172,1.5,0.0,0.14870314333669143,0.0
static_box,92,1789357094.082976818,1789357094.082599163,1789357094.081917763,0,0,matched,0.4641496434450698,0,0,0,4.596057440842778,-0.0019033301149285464,1.7286081314086914,-0.022618176424380257,0.06075203039727577,0.0,0.12653589248657227,0.7307800054550171,0.8429259061813354,5.0,0.0,1.5,0.0,0.0,0.0,0.8,0.6,1.2,axis_aligned_box,,3.0,-0.12420130921281058,1.5,0.0,0.14896686389735997,0.0
static_box,93,1789357094.180008173,1789357094.179869652,1789357094.081917763,0,0,matched,0.459156659041727,0,0,0,4.596268404419614,-0.003893886349610811,1.718656063079834,-0.01557488766384261,0.03769530656897149,0.0,0.12653589248657227,0.7307800054550171,0.8429259061813354,5.0,0.0,1.5,0.0,0.0,0.0,0.8,0.6,1.2,axis_aligned_box,,3.0,-0.1092973482744618,1.5,0.0,0.14920076952354172,0.0
static_box,94,1789357094.283720732,1789357094.283355236,1789357094.281895161,0,0,matched,0.45026598955024133,0,0,0,4.596890005887228,0.0034766948435670667,1.700573444366455,-0.006301472044261578,0.04543397184674448,0.0,0.12653589248657227,0.7307800054550171,0.8429259061813354,5.0,0.0,1.5,0.0,0.0,0.0,0.8,0.6,1.2,axis_aligned_box,,3.0,-0.09434874101432356,1.5,0.0,0.14940498183774695,0.0
static_box,95,1789357094.383938313,1789357094.383517981,1789357094.381922722,0,0,matched,0.45335684981400687,0,0,0,4.598192546971003,0.008524314338193497,1.7097868919372559,0.0031501121421923257,0.043042059415716566,0.0,0.12653589248657227,0.7307800054550171,0.8429259061813354,5.0,0.0,1.5,0.0,0.0,0.0,0.8,0.6,1.2,axis_aligned_box,,3.0,-0.07940451636652357,1.5,0.0,0.14957887367694694,0.0
static_box,96,1789357094.481838942,1789357094.481645107,1789357094.381922722,0,0,matched,0.4467027095287709,0,0,0,4.600272853513518,0.015436668970061069,1.698804497718811,0.012609343419100607,0.05557204896324784,0.0,0.12653589248657227,0.7307800054550171,0.8429259061813354,5.0,0.0,1.5,0.0,0.0,0.0,0.8,0.6,1.2,axis_aligned_box,,3.0,-0.06444583494034894,1.5,0.0,0.14972277415505245,0.0
static_box,97,1789357094.580184221,1789357094.580042124,1789357094.481857777,0,0,matched,0.45085130811908886,0,0,0,4.6014069707738345,0.016278661338110886,1.710060715675354,0.016730494886895327,0.04408697837133749,0.0,0.12653589248657227,0.7307800054550171,0.8429259061813354,5.0,0.0,1.5,0.0,0.0,0.0,0.8,0.6,1.2,axis_aligned_box,,3.0,-0.049468802268476386,1.5,0.0,0.14983673739639705,0.0
static_box,98,1789357094.681653261,1789357094.681414604,1789357094.581799030,0,0,matched,0.46676094019615383,0,0,0,4.601310085364232,0.013640631842714936,1.7423346042633057,0.01455555594480368,0.02172430529442723,0.0,0.12653589248657227,0.7307800054550171,0.8429259061813354,5.0,0.0,1.5,0.0,0.0,0.0,0.8,0.6,1.2,axis_aligned_box,,3.0,-0.03448666333814543,1.5,0.0,0.14992068337868908,0.0
static_box,99,1789357094.783619881,1789357094.783214569,1789357094.781909466,0,0,matched,0.45232076105945046,0,0,0,4.60110496268374,0.007365707816689831,1.7131257057189941,0.009443403459071062,-0.014675416253589292,0.0,0.12653589248657227,0.7307800054550171,0.8429259061813354,5.0,0.0,1.5,0.0,0.0,0.0,0.8,0.6,1.2,axis_aligned_box,,3.0,-0.019478823340288276,1.5,0.0,0.14997470218514541,0.0
static_box,100,1789357094.885300875,1789357094.885017872,1789357094.881924152,0,0,matched,0.4431866184984346,0,0,0,4.600508317105461,0.0004370474522674712,1.6918869018554688,0.0027315568287603793,-0.04698777558786683,0.0,0.12653589248657227,0.7307800054550171,0.8429259061813354,5.0,0.0,1.5,0.0,0.0,0.0,0.8,0.6,1.2,axis_aligned_box,,3.0,-0.0029769262415715314,1.5,0.0,0.1499994091924588,0.0
static_box,101,1789357094.983655214,1789357094.983386278,1789357094.982021332,0,0,matched,0.4541838095056351,0,0,0,4.600306551598717,-0.005529673350157815,1.7156327962875366,-0.0011948728021081868,-0.06756818704758766,0.0,0.12653589248657227,0.7307800054550171,0.8429259061813354,5.0,0.0,1.5,0.0,0.0,0.0,0.8,0.6,1.2,axis_aligned_box,,3.0,0.010525995614550032,1.5,0.0,0.14999261331858765,0.0
static_box,102,1789357095.084816933,1789357095.084522009,1789357095.082061768,0,0,matched,0.4442606407856578,0,0,0,4.600310308961337,-0.007911897551453684,1.6937861442565918,-0.0029777903867818736,-0.0662175491127352,0.0,0.12653589248657227,0.7307800054550171,0.8429259061813354,5.0,0.0,1.5,0.0,0.0,0.0,0.8,0.6,1.2,axis_aligned_box,,3.0,0.025517469135321935,1.5,0.0,0.14995658220675595,0.0
static_box,103,1789357095.183482885,1789357095.183203936,1789357095.182034016,0,0,matched,0.4543486746338449,0,0,0,4.599780668439992,-0.006585168150707482,1.714974045753479,-0.004663338261583466,-0.04549396354566568,0.0,0.12653589248657227,0.7307800054550171,0.8429259061813354,5.0,0.0,1.5,0.0,0.0,0.0,0.8,0.6,1.2,axis_aligned_box,,3.0,0.04051302715715077,1.5,0.0,0.14989052638419403,0.0
static_box,104,1789357095.283292770,1789357095.282919407,1789357095.282085419,0,0,matched,0.4602349000896949,0,0,0,4.600038121312616,-0.0036499547775990324,1.727669358253479,-0.00324226046034009,-0.016291167660853603,0.0,0.12653589248657227,0.7307800054550171,0.8429259061813354,5.0,0.0,1.5,0.0,0.0,0.0,0.8,0.6,1.2,axis_aligned_box,,3.0,0.05549501320652195,1.5,0.0,0.14979449925210406,0.0
static_box,105,1789357095.383104563,1789357095.382715464,1789357095.381978512,0,0,matched,0.47226042095960263,0,0,0,4.600463667526636,0.0014479185361213473,1.7517906427383423,-0.001213013018676076,0.016328892917519114,0.0,0.12653589248657227,0.7307800054550171,0.8429259061813354,5.0,0.0,1.5,0.0,0.0,0.0,0.8,0.6,1.2,axis_aligned_box,,3.0,0.070459868466068,1.5,0.0,0.14966853901383784,0.0
static_box,106,1789357095.482736349,1789357095.482479572,1789357095.481864452,0,0,matched,0.4663155215486063,0,0,0,4.6003164080953365,0.004531163655929363,1.7401721477508545,-0.00032016948031962015,0.03473503310025954,0.0,0.12653589248657227,0.7307800054550171,0.8429259061813354,5.0,0.0,1.5,0.0,0.0,0.0,0.8,0.6,1.2,axis_aligned_box,,3.0,0.08542047583299106,1.5,0.0,0.14951250047810322,0.0
static_box,107,1789357095.583507776,1789357095.583205462,1789357095.581902027,0,0,matched,0.4487873707458632,0,0,0,4.60000463474296,0.011209912909004935,1.7031948566436768,-0.0005972576864123247,0.05578538442595424,0.0,0.12653589248657227,0.7307800054550171,0.8429259061813354,5.0,0.0,1.5,0.0,0.0,0.0,0.8,0.6,1.2,axis_aligned_box,,3.0,0.10036543725806246,1.5,0.0,0.149326437055827,0.0
static_box,108,1789357095.683585644,1789357095.683152199,1789357095.681917906,0,0,matched,0.45044615719999975,0,0,0,4.599770031210535,0.009087305090954905,1.7064827680587769,-0.0013884903174114383,0.04107922089273391,0.0,0.12653589248657227,0.7307800054550171,0.8429259061813354,5.0,0.0,1.5,0.0,0.0,0.0,0.8,0.6,1.2,axis_aligned_box,,3.0,0.11528708860426695,1.5,0.0,0.1491104121049133,0.0
static_box,109,1789357095.783742905,1789357095.783327579,1789357095.781918049,0,0,matched,0.44297186351185197,0,0,0,4.600233536389908,0.01341028344380786,1.6903444528579712,8.035236868742077e-05,0.04321723795931805,0.0,0.12653589248657227,0.7307800054550171,0.8429259061813354,5.0,0.0,1.5,0.0,0.0,0.0,0.8,0.6,1.2,axis_aligned_box,,3.0,0.13019397879685157,1.5,0.0,0.1488642426729726,0.0
static_box,110,1789357095.883482218,1789357095.883175373,1789357095.881925344,0,0,matched,0.4479457707750814,0,0,0,4.599364487392434,0.02011607284600038,1.699353814125061,-0.0022274439821392093,0.04632228580751743,0.0,0.12653589248657227,0.7307800054550171,0.8429259061813354,5.0,0.0,1.5,0.0,0.0,0.0,0.8,0.6,1.2,axis_aligned_box,,3.0,0.1450711230785915,1.5,0.0,0.14858811217204176,0.0
static_box,111,1789357095.983224154,1789357095.982911110,1789357095.981917858,0,0,matched,0.45108332505292364,0,0,0,4.601282514708737,0.020065389835859204,1.7099950313568115,0.004171806806273947,0.03663011322127553,0.0,0.12653589248657227,0.7307800054550171,0.8429259061813354,5.0,0.0,1.5,0.0,0.0,0.0,0.8,0.6,1.2,axis_aligned_box,,3.0,0.1599050038557004,1.5,0.0,0.14828227059235705,0.0
static_box,112,1789357096.086932421,1789357096.086584806,1789357096.081917286,0,0,matched,0.4641213644042671,0,0,0,4.602311145496747,0.01977237479175164,1.7384560108184814,0.00697461033897358,0.02431141582905761,0.0,0.12653589248657227,0.7307800054550171,0.8429259061813354,5.0,0.0,1.5,0.0,0.0,0.0,0.8,0.6,1.2,axis_aligned_box,,3.0,0.1762082221070631,1.5,0.0,0.14791068820820594,0.0
static_box,113,1789357096.183196306,1789357096.182772875,1789357096.181914091,0,0,matched,0.45974579796781206,0,0,0,4.602945285365373,0.012809757023704156,1.7314079999923706,0.009735079735625549,-0.012097135197745586,0.0,0.12653589248657227,0.7307800054550171,0.8429259061813354,5.0,0.0,1.5,0.0,0.0,0.0,0.8,0.6,1.2,axis_aligned_box,,3.0,0.18949670617700276,1.5,0.0,0.14758011046630332,0.0
static_box,114,1789357096.284457922,1789357096.284170389,1789357096.282019138,0,0,matched,0.45094797799646336,0,0,0,4.603638101630731,-0.0032117788369850214,1.715037226676941,0.009890598887799529,-0.06991294638517724,0.0,0.12653589248657227,0.7307800054550171,0.8429259061813354,5.0,0.0,1.5,0.0,0.0,0.0,0.8,0.6,1.2,axis_aligned_box,,3.0,0.20423634419103975,1.5,0.0,0.1471840350569939,0.0
static_box,115,1789357096.384018183,1789357096.383750916,1789357096.381937742,0,0,matched,0.4405775412088501,0,0,0,4.6032316145500385,0.0015994188970597737,1.691522479057312,0.0059304010927281395,-0.059132946690501884,0.0,0.12653589248657227,0.7307800054550171,0.8429259061813354,5.0,0.0,1.5,0.0,0.0,0.0,0.8,0.6,1.2,axis_aligned_box,,3.0,0.21892857286221057,1.5,0.0,0.1467581441179831,0.0
static_box,116,1789357096.482887030,1789357096.482633829,1789357096.481915951,0,0,matched,0.44431393638874983,0,0,0,4.6036605309262395,-0.001992077343326973,1.7008131742477417,0.004488627544894796,-0.06258151436548726,0.0,0.12653589248657227,0.7307800054550171,0.8429259061813354,5.0,0.0,1.5,0.0,0.0,0.0,0.8,0.6,1.2,axis_aligned_box,,3.0,0.23358290297345574,1.5,0.0,0.14630207533883252,0.0
static_box,117,1789357096.583086491,1789357096.582797050,1789357096.581923723,0,0,matched,0.445672189242589,0,0,0,4.6031263007485945,0.008796780731244055,1.7025773525238037,0.00013216158807522003,-0.0022157235994743896,0.0,0.12653589248657227,0.7307800054550171,0.8429259061813354,5.0,0.0,1.5,0.0,0.0,0.0,0.8,0.6,1.2,axis_aligned_box,,3.0,0.24819311221540352,1.5,0.0,0.14581589945330858,0.0
static_box,118,1789357096.682974815,1789357096.682670116,1789357096.681933403,0,0,matched,0.44370036547191755,0,0,0,4.602457421346632,0.020929148177052683,1.6959384679794312,-0.0030385577795557428,0.04820652114189552,0.0,0.12653589248657227,0.7307800054550171,0.8429259061813354,5.0,0.0,1.5,0.0,0.0,0.0,0.8,0.6,1.2,axis_aligned_box,,3.0,0.262754401773462,1.5,0.0,0.14529966256425503,0.0
static_box,119,1789357096.783263206,1789357096.782849789,1789357096.782009363,0,0,matched,0.4598962855355359,0,0,0,4.601093764367747,0.023186962413027992,1.7276856899261475,-0.00823285311137241,0.0686542308514361,0.0,0.12653589248657227,0.7307800054550171,0.8429259061813354,5.0,0.0,1.5,0.0,0.0,0.0,0.8,0.6,1.2,axis_aligned_box,,3.0,0.277263755178327,1.5,0.0,0.14475335716877819,0.0
static_box,120,1789357096.883699894,1789357096.883337021,1789357096.881968021,0,0,matched,0.463179161795428,0,0,0,4.6011048405179205,0.02619122616444263,1.7339478731155396,-0.007875864791166642,0.07173360549614521,0.0,0.12653589248657227,0.7307800054550171,0.8429259061813354,5.0,0.0,1.5,0.0,0.0,0.0,0.8,0.6,1.2,axis_aligned_box,,3.0,0.291710901774638,1.5,0.0,0.14417727310135164,0.0
static_box,121,1789357096.983386040,1789357096.982969284,1789357096.981908083,0,0,matched,0.4486884703603105,0,0,0,4.601746378046132,0.023940372837016253,1.7052857875823975,-0.004628820863665812,0.04331357361502896,0.0,0.12653589248657227,0.7307800054550171,0.8429259061813354,5.0,0.0,1.5,0.0,0.0,0.0,0.8,0.6,1.2,axis_aligned_box,,3.0,0.3060837060310586,1.5,0.0,0.14357184643193538,0.0
static_box,122,1789357097.083274841,1789357097.082789421,1789357097.081926107,0,0,matched,0.445979867079885,0,0,0,4.602774970573103,0.020226593663173413,1.7017453908920288,0.0013200478979328743,0.012518558832712252,0.0,0.12653589248657227,0.7307800054550171,0.8429259061813354,5.0,0.0,1.5,0.0,0.0,0.0,0.8,0.6,1.2,axis_aligned_box,,3.0,0.3204059853145529,1.5,0.0,0.142935960352827,0.0
static_box,123,1789357097.182992935,1789357097.182633400,1789357097.182085276,0,0,matched,0.4555223614327487,0,0,0,4.603276884206266,0.018546557750355953,1.7230861186981201,0.004838494583097862,-0.010287519578753023,0.0,0.12653589248657227,0.7307800054550171,0.8429259061813354,5.0,0.0,1.5,0.0,0.0,0.0,0.8,0.6,1.2,axis_aligned_box,,3.0,0.3346726557553663,1.5,0.0,0.14226963532437165,0.0
static_box,124,1789357097.283320427,1789357097.283006430,1789357097.282046318,0,0,matched,0.44810643766871266,0,0,0,4.602957834289567,0.01953312189693773,1.7068220376968384,0.004378401616203627,-0.015563869995172253,0.0,0.12653589248657227,0.7307800054550171,0.8429259061813354,5.0,0.0,1.5,0.0,0.0,0.0,0.8,0.6,1.2,axis_aligned_box,,3.0,0.34886049677055087,1.5,0.0,0.14157382016435782,0.0
static_box,125,1789357097.384481430,1789357097.384028435,1789357097.382043123,0,0,matched,0.45233268864799275,0,0,0,4.60406872505364,0.017996908734998217,1.717989444732666,0.006621681640759634,-0.019608762666364712,0.0,0.12653589248657227,0.7307800054550171,0.8429259061813354,5.0,0.0,1.5,0.0,0.0,0.0,0.8,0.6,1.2,axis_aligned_box,,3.0,0.3629868843121187,1.5,0.0,0.14084751907309206,0.0
static_box,126,1789357097.482919693,1789357097.482643127,1789357097.482038498,0,0,matched,0.47066242300405164,0,0,0,4.603085318921095,0.019381063996789853,1.7522027492523193,0.0019148383095262435,-0.010771019185831978,0.0,0.12653589248657227,0.7307800054550171,0.8429259061813354,5.0,0.0,1.5,0.0,0.0,0.0,0.8,0.6,1.2,axis_aligned_box,,3.0,0.37704302189056693,1.5,0.0,0.1400909813469649,0.0
static_box,127,1789357097.583061457,1789357097.582661390,1789357097.582017899,0,0,matched,0.4665726354202526,0,0,0,4.6031060202476874,0.023838824457298888,1.7441247701644897,0.0011235372319605983,0.00613354737851202,0.0,0.12653589248657227,0.7307800054550171,0.8429259061813354,5.0,0.0,1.5,0.0,0.0,0.0,0.8,0.6,1.2,axis_aligned_box,,3.0,0.391002923548879,1.5,0.0,0.1393054996930164,0.0
static_box,128,1789357097.683402777,1789357097.682975292,1789357097.682018280,0,0,matched,0.44969947476848765,0,0,0,4.602569726120333,0.023164338244742483,1.7091463804244995,-0.0025426256572545075,0.00888415023563098,0.0,0.12653589248657227,0.7307800054550171,0.8429259061813354,5.0,0.0,1.5,0.0,0.0,0.0,0.8,0.6,1.2,axis_aligned_box,,3.0,0.40489663911057394,1.5,0.0,0.1384892335169202,0.0
static_box,129,1789357097.780679464,1789357097.780506611,1789357097.682018280,0,0,matched,0.439897439994329,0,0,0,4.602799304647648,0.020528025411505238,1.6879360675811768,-0.0018720754898628156,0.002634403241143987,0.0,0.12653589248657227,0.7307800054550171,0.8429259061813354,5.0,0.0,1.5,0.0,0.0,0.0,0.8,0.6,1.2,axis_aligned_box,,3.0,0.4187103555785425,1.5,0.0,0.13764275413442784,0.0
static_box,130,1789357097.880244255,1789357097.879970789,1789357097.781974077,0,0,matched,0.4505923953865534,0,0,0,4.6030676529474315,0.02697576990182452,1.7115432024002075,-0.0010186300377503896,0.01779986643806387,0.0,0.12653589248657227,0.7307800054550171,0.8429259061813354,5.0,0.0,1.5,0.0,0.0,0.0,0.8,0.6,1.2,axis_aligned_box,,3.0,0.4324082390324986,1.5,0.0,0.13676817601939528,0.0
static_box,131,1789357097.982951164,1789357097.982540369,1789357097.982009411,0,0,matched,0.4396288869885623,0,0,0,4.603225821229937,0.029775242111148847,1.6869685649871826,0.00034849762648472274,0.023396737315046403,0.0,0.12653589248657227,0.7307800054550171,0.8429259061813354,5.0,0.0,1.5,0.0,0.0,0.0,0.8,0.6,1.2,axis_aligned_box,,3.0,0.44605032589960514,1.5,0.0,0.13586146044821806,0.0
static_box,132,1789357098.085904121,1789357098.085716963,1789357098.082079649,0,0,matched,0.437486544765624,0,0,0,4.604974591217547,0.03761709941491141,1.6842128038406372,0.006079100011397159,0.04835729326678519,0.0,0.1803441047668457,0.7465924024581909,0.8703150749206543,5.0,0.0,1.5,0.0,0.0,0.0,0.8,0.6,1.2,axis_aligned_box,,3.0,0.4609382341192334,1.5,0.0,0.134830200664734,0.0
static_box,133,1789357098.184518576,1789357098.184065819,1789357098.182103157,0,0,matched,0.4615953326896827,0,0,0,4.606633335618637,0.029564293945067155,1.7397058010101318,0.01103448055485616,0.01613106391051261,0.0,0.28098106384277344,0.773543119430542,0.8048969507217407,5.0,0.0,1.5,0.0,0.0,0.0,0.8,0.6,1.2,axis_aligned_box,,3.0,0.4730334265758751,1.5,0.0,0.1339594549922124,0.0
static_box,134,1789357098.283030272,1789357098.282842159,1789357098.282088995,0,0,matched,0.46498439674468417,0,0,0,4.608510120608361,0.02367472346032331,1.749771237373352,0.016395995521790215,-0.010095647430439229,0.0,0.28098106384277344,0.773543119430542,0.8048969507217407,5.0,0.0,1.5,0.0,0.0,0.0,0.8,0.6,1.2,axis_aligned_box,,3.0,0.48638345320360954,1.5,0.0,0.13296314220167768,0.0
static_box,135,1789357098.384523153,1789357098.384255886,1789357098.382035732,0,0,matched,0.4544899725910902,0,0,0,4.605157109614627,0.018844789603405035,1.724287986755371,0.003581842119519719,-0.04049108808669419,0.0,0.13495635986328125,0.7556517124176025,0.8498793840408325,5.0,0.0,1.5,0.0,0.0,0.0,0.8,0.6,1.2,axis_aligned_box,,3.0,0.49962659495623685,1.5,0.0,0.13193726475638018,0.0
static_box,136,1789357098.482868433,1789357098.482686043,1789357098.481906414,0,0,matched,0.4464245038964173,0,0,0,4.60212840140788,0.01784704473784022,1.7016792297363281,-0.00942955428161282,-0.04343992980841101,0.0,0.13495635986328125,0.7556517124176025,0.8498793840408325,5.0,0.0,1.5,0.0,0.0,0.0,0.8,0.6,1.2,axis_aligned_box,,3.0,0.5127690363656394,1.5,0.0,0.1308811211597754,0.0
static_box,137,1789357098.583959341,1789357098.583730936,1789357098.581894875,0,0,matched,0.45091668765690845,0,0,0,4.5998418514714166,0.010045544122113944,1.707601547241211,-0.021343633086058644,-0.05876949320334132,0.0,0.13495635986328125,0.7556517124176025,0.8498793840408325,5.0,0.0,1.5,0.0,0.0,0.0,0.8,0.6,1.2,axis_aligned_box,,3.0,0.5257985040538691,1.5,0.0,0.12979546789405913,0.0
static_box,138,1789357098.685778856,1789357098.685501814,1789357098.681887388,0,0,matched,0.44460059231193777,4,1,0,5.014216899871826,0.3780919909477234,1.7334823608398438,0.0,0.0,0.0,0.2733302116394043,0.09273529052734375,0.40046143531799316,5.0,0.0,1.5,0.0,0.0,0.0,0.8,0.6,1.2,axis_aligned_box,,3.0,0.5400102773094806,1.5,0.0,0.12856604576714864,0.0
static_box,138,1789357098.685778856,1789357098.685501814,1789357098.681887388,unmatched_est_0,,unmatched_estimate,,0,0,0,4.599722051362926,0.011682195223472497,1.7115395069122314,-0.020605123552467585,-0.039927205439979754,0.0,0.13495635986328125,0.7556517124176025,0.8498793840408325,,,,,,,,,,,,3.0,0.5400102773094806,1.5,0.0,0.12856604576714864,0.0
static_box,139,1789357098.782645226,1789357098.781948090,1789357098.781878471,0,0,matched,0.44913339953557535,0,0,0,4.600028338489941,0.01616394605313757,1.7036718130111694,-0.0146888270249932,-0.014884325498593205,0.0,0.13495635986328125,0.7556517124176025,0.8498793840408325,5.0,0.0,1.5,0.0,0.0,0.0,0.8,0.6,1.2,axis_aligned_box,,3.0,0.5515347654900626,1.5,0.0,0.12753327836205405,0.0
static_box,139,1789357098.782645226,1789357098.781948090,1789357098.781878471,unmatched_est_4,,unmatched_estimate,,4,1,0,5.316796244384278,0.32949925654499457,1.4369425773620605,2.0994566186226744,-0.3371622673820172,0.0,0.17669105529785156,0.02546173334121704,0.4168241024017334,,,,,,,,,,,,3.0,0.5515347654900626,1.5,0.0,0.12753327836205405,0.0
static_box,140,1789357098.881492376,1789357098.881255150,1789357098.781878471,0,0,matched,0.45733759969938054,0,0,0,4.59986822338399,0.01840492399945924,1.720711350440979,-0.00829465640736888,0.009534437615170902,0.0,0.13495635986328125,0.7556517124176025,0.8498793840408325,5.0,0.0,1.5,0.0,0.0,0.0,0.8,0.6,1.2,axis_aligned_box,,3.0,0.5642300116030143,1.5,0.0,0.12635719861321487,0.0
static_box,141,1789357098.982822180,1789357098.982423544,1789357098.981896162,0,0,matched,0.4684756437562951,0,0,0,4.598940890711235,0.01720955935980218,1.7415053844451904,-0.006011896448296458,0.015104463457486483,0.0,0.13495635986328125,0.7556517124176025,0.8498793840408325,5.0,0.0,1.5,0.0,0.0,0.0,0.8,0.6,1.2,axis_aligned_box,,3.0,0.5768047128433298,1.5,0.0,0.12515125637989946,0.0
static_box,141,1789357098.982822180,1789357098.982423544,1789357098.981896162,unmatched_est_4,,unmatched_estimate,,4,1,0,5.175947189331055,0.3495080769062042,1.7642806768417358,0.0,0.0,0.0,0.44651317596435547,0.10281407833099365,0.5237636566162109,,,,,,,,,,,,3.0,0.5768047128433298,1.5,0.0,0.12515125637989946,0.0
static_box,142,1789357099.083063602,1789357099.082403183,1789357099.082039356,0,0,matched,0.43832804673641534,5,1,0,5.295319066733631,0.31713894515715557,1.434113621711731,0.828265652085646,-0.22459427294718376,0.0,0.16716766357421875,0.024604737758636475,0.2786344289779663,5.0,0.0,1.5,0.0,0.0,0.0,0.8,0.6,1.2,axis_aligned_box,,3.0,0.5892575363384647,1.5,0.0,0.12391529790167807,0.0
static_box,142,1789357099.083063602,1789357099.082403183,1789357099.082039356,unmatched_est_0,,unmatched_estimate,,0,0,0,4.599371723698499,0.0060209460382297676,1.7181706428527832,-0.001730911964059007,-0.01939482847814245,0.0,0.1944446563720703,0.7639577984809875,0.8847079277038574,,,,,,,,,,,,3.0,0.5892575363384647,1.5,0.0,0.12391529790167807,0.0
static_box,142,1789357099.083063602,1789357099.082403183,1789357099.082039356,unmatched_est_4,,unmatched_estimate,,4,2,0,5.1693848170827446,0.3506574686588332,1.862144112586975,-0.045533233184773106,0.00797509204184268,0.0,0.4515199661254883,0.11450675129890442,0.42539846897125244,,,,,,,,,,,,3.0,0.5892575363384647,1.5,0.0,0.12391529790167807,0.0
static_box,143,1789357099.183301687,1789357099.183076382,1789357099.181915998,0,0,matched,0.4256265205075378,5,0,0,5.224443690040104,0.3599246735076995,1.535173773765564,0.18564024214526348,0.04635504913794149,0.0,0.38035011291503906,0.10581386089324951,0.7214603424072266,5.0,0.0,1.5,0.0,0.0,0.0,0.8,0.6,1.2,axis_aligned_box,,3.0,0.601591441847537,1.5,0.0,0.12264869860508291,0.0
static_box,143,1789357099.183301687,1789357099.183076382,1789357099.181915998,unmatched_est_0,,unmatched_estimate,,0,1,0,4.59936340732911,-0.0022814205497226746,1.713128924369812,-4.82384504079595e-05,-0.04907569203343864,0.0,0.1944446563720703,0.7639577984809875,0.8847079277038574,,,,,,,,,,,,3.0,0.601591441847537,1.5,0.0,0.12264869860508291,0.0
static_box,144,1789357099.283069611,1789357099.282859325,1789357099.281923056,0,0,matched,0.4550663811406586,0,0,0,4.600301683555452,0.0034532230575672167,1.7175195217132568,0.004637193328015418,-0.03427620309770216,0.0,0.28622865676879883,0.7559546828269958,0.9143426418304443,5.0,0.0,1.5,0.0,0.0,0.0,0.8,0.6,1.2,axis_aligned_box,,3.0,0.6137859034141973,1.5,0.0,0.12135328556050258,0.0
static_box,144,1789357099.283069611,1789357099.282859325,1789357099.281923056,unmatched_est_5,,unmatched_estimate,,5,1,0,5.2439324772859655,0.36229805976939794,1.70308518409729,0.2339675456502743,0.049894674417820514,0.0,0.38035011291503906,0.10581386089324951,0.7214603424072266,,,,,,,,,,,,3.0,0.6137859034141973,1.5,0.0,0.12135328556050258,0.0
static_box,145,1789357099.383581400,1789357099.383235931,1789357099.381989002,0,0,matched,0.44258134981172625,0,1,0,4.599374917650607,0.004411746328121091,1.6880381107330322,0.0020288259744826904,-0.01985171964083566,0.0,0.28622865676879883,0.7559546828269958,0.9143426418304443,5.0,0.0,1.5,0.0,0.0,0.0,0.8,0.6,1.2,axis_aligned_box,,3.0,0.6258566856698644,1.5,0.0,0.12002708615904108,0.0
static_box,145,1789357099.383581400,1789357099.383235931,1789357099.381989002,unmatched_est_5,,unmatched_estimate,,5,0,0,5.245874782375522,0.35941835011962026,1.654359221458435,0.24169243188840428,0.03615447908943568,0.0,0.38035011291503906,0.10581386089324951,0.7214603424072266,,,,,,,,,,,,3.0,0.6258566856698644,1.5,0.0,0.12002708615904108,0.0
static_box,146,1789357099.483269930,1789357099.482916832,1789357099.481925011,0,0,matched,0.45158563918333366,0,1,0,4.59999128773893,0.014678515769607485,1.7090625762939453,0.003771006433284684,0.030111524252496413,0.0,0.28622865676879883,0.7559546828269958,0.9143426418304443,5.0,0.0,1.5,0.0,0.0,0.0,0.8,0.6,1.2,axis_aligned_box,,3.0,0.637793047759017,1.5,0.0,0.1186709119317733,0.0
static_box,146,1789357099.483269930,1789357099.482916832,1789357099.481925011,unmatched_est_5,,unmatched_estimate,,5,0,0,5.251993673202938,0.35681945264250614,1.6469945907592773,0.1847052874426889,0.01166352914327353,0.0,0.38035011291503906,0.10581386089324951,0.7214603424072266,,,,,,,,,,,,3.0,0.637793047759017,1.5,0.0,0.1186709119317733,0.0
static_box,147,1789357099.582980156,1789357099.582421541,1789357099.582004786,0,0,matched,0.465941497390296,0,1,0,4.601100200326375,0.023299632264238035,1.7396613359451294,0.0055019751959540925,0.06164746789937619,0.0,0.28622865676879883,0.7559546828269958,0.9143426418304443,5.0,0.0,1.5,0.0,0.0,0.0,0.8,0.6,1.2,axis_aligned_box,,3.0,0.6495925019743134,1.5,0.0,0.11728470487872686,0.0
static_box,147,1789357099.582980156,1789357099.582421541,1789357099.582004786,unmatched_est_5,,unmatched_estimate,,5,0,0,5.292169749622351,0.352242942681977,1.7037632465362549,0.2291429770831353,-0.016957858936485902,0.0,0.38035011291503906,0.10581386089324951,0.7214603424072266,,,,,,,,,,,,3.0,0.6495925019743134,1.5,0.0,0.11728470487872686,0.0
static_box,148,1789357099.682421923,1789357099.681977749,1789357099.582004786,0,0,matched,0.4244292638236657,6,2,0,5.172537918182368,0.3691355711495098,1.6187846660614014,-0.19635125165774037,0.028689347163198188,0.0,0.05724382400512695,0.10085773468017578,0.4327915906906128,5.0,0.0,1.5,0.0,0.0,0.0,0.8,0.6,1.2,axis_aligned_box,,3.0,0.6612492490625985,1.5,0.0,0.11586880789177405,0.0
static_box,148,1789357099.682421923,1789357099.681977749,1789357099.582004786,unmatched_est_5,,unmatched_estimate,,5,0,0,5.317105222930403,0.34995802242719853,1.6867064237594604,0.24577594083350648,-0.02996095271088027,0.0,0.38035011291503906,0.10581386089324951,0.7214603424072266,,,,,,,,,,,,3.0,0.6612492490625985,1.5,0.0,0.11586880789177405,0.0
static_box,148,1789357099.682421923,1789357099.681977749,1789357099.582004786,unmatched_est_0,,unmatched_estimate,,0,1,0,4.603085518679365,0.029598762288722304,1.7452675104141235,0.01137826020812343,0.08221837386883772,0.0,0.28622865676879883,0.7559546828269958,0.9143426418304443,,,,,,,,,,,,3.0,0.6612492490625985,1.5,0.0,0.11586880789177405,0.0
static_box,149,1789357099.783139467,1789357099.782578945,1789357099.781908512,0,0,matched,0.4563522364631403,0,0,0,4.60351935139702,0.028544771704221462,1.7241554260253906,0.01162678855317352,0.06503254812463807,0.0,0.4904193878173828,0.7618716955184937,0.8872078657150269,5.0,0.0,1.5,0.0,0.0,0.0,0.8,0.6,1.2,axis_aligned_box,,3.0,0.6727636851074181,1.5,0.0,0.1144228194311121,0.0
static_box,149,1789357099.783139467,1789357099.782578945,1789357099.781908512,unmatched_est_5,,unmatched_estimate,,5,1,0,5.3319063243160105,0.34608452490847624,1.7300097942352295,0.24571209087152857,-0.04140884890243136,0.0,0.38035011291503906,0.10581386089324951,0.7214603424072266,,,,,,,,,,,,3.0,0.6727636851074181,1.5,0.0,0.1144228194311121,0.0
static_box,150,1789357099.883024454,1789357099.882621288,1789357099.881958485,0,0,matched,0.41201522645940847,6,2,0,5.192281950952241,0.3609354103656865,1.449901819229126,-0.25698214567072597,0.01165381044869597,0.0,0.048718929290771484,0.10122179985046387,0.35975372791290283,5.0,0.0,1.5,0.0,0.0,0.0,0.8,0.6,1.2,axis_aligned_box,,3.0,0.6841350164444977,1.5,0.0,0.11294643844124955,0.0
static_box,150,1789357099.883024454,1789357099.882621288,1789357099.881958485,unmatched_est_5,,unmatched_estimate,,5,0,0,5.343586964836261,0.33954788408170994,1.6881892681121826,0.20462756419053163,-0.05359643836436801,0.0,0.38035011291503906,0.10581386089324951,0.7214603424072266,,,,,,,,,,,,3.0,0.6841350164444977,1.5,0.0,0.11294643844124955,0.0
static_box,150,1789357099.883024454,1789357099.882621288,1789357099.881958485,unmatched_est_0,,unmatched_estimate,,0,1,0,4.602494220126378,0.0163984120325639,1.6986802816390991,0.006386578731128952,0.006253750252766199,0.0,0.2913818359375,0.7666691541671753,0.9217982292175293,,,,,,,,,,,,3.0,0.6841350164444977,1.5,0.0,0.11294643844124955,0.0
static_box,151,1789357099.983264446,1789357099.982981920,1789357099.982035637,0,0,matched,0.44633758206456037,0,0,0,4.602420490834271,0.018426175785090478,1.7020105123519897,0.002202388349627633,-0.010958120274622642,0.0,0.2913818359375,0.7666691541671753,0.9217982292175293,5.0,0.0,1.5,0.0,0.0,0.0,0.8,0.6,1.2,axis_aligned_box,,3.0,0.6953519670335799,1.5,0.0,0.11144075441524257,0.0
static_box,151,1789357099.983264446,1789357099.982981920,1789357099.982035637,unmatched_est_5,,unmatched_estimate,,5,1,0,5.3400411665605665,0.33881343874102055,1.7686171531677246,0.11480607867986882,-0.04617748282004165,0.0,0.38035011291503906,0.10581386089324951,0.7214603424072266,,,,,,,,,,,,3.0,0.6953519670335799,1.5,0.0,0.11144075441524257,0.0
static_box,152,1789357100.083081722,1789357100.082713842,1789357100.082015038,0,0,matched,0.443530954677277,0,1,0,4.602723438470965,0.01937894209919556,1.6962536573410034,-0.00012812270920931437,-0.022693239135770125,0.0,0.2913818359375,0.7666691541671753,0.9217982292175293,5.0,0.0,1.5,0.0,0.0,0.0,0.8,0.6,1.2,axis_aligned_box,,3.0,0.7064178293941445,1.5,0.0,0.109904951466401,0.0
static_box,152,1789357100.083081722,1789357100.082713842,1789357100.082015038,unmatched_est_5,,unmatched_estimate,,5,0,0,5.298352923935135,0.3371922209356087,1.6117479801177979,-0.07972152371284214,-0.03893924079815515,0.0,0.5367708206176758,0.14687451720237732,0.923827052116394,,,,,,,,,,,,3.0,0.7064178293941445,1.5,0.0,0.109904951466401,0.0
static_box,153,1789357100.183134556,1789357100.182366371,1789357100.181880236,0,0,matched,0.4449229816914281,0,0,0,4.601378221084506,0.017969729975563484,1.6968101263046265,-0.005014182995687827,-0.019949032391143536,0.0,0.2913818359375,0.7666691541671753,0.9217982292175293,5.0,0.0,1.5,0.0,0.0,0.0,0.8,0.6,1.2,axis_aligned_box,,3.0,0.7173349894179588,1.5,0.0,0.10833823030760537,0.0
static_box,153,1789357100.183134556,1789357100.182366371,1789357100.181880236,unmatched_est_5,,unmatched_estimate,,5,1,0,5.298525227589459,0.33643745322485913,1.6659971475601196,-0.13109891095927767,-0.024467288973280522,0.0,0.5367708206176758,0.14687451720237732,0.923827052116394,,,,,,,,,,,,3.0,0.7173349894179588,1.5,0.0,0.10833823030760537,0.0
static_box,154,1789357100.284338236,1789357100.283927441,1789357100.281915188,0,0,matched,0.45478501399361054,0,1,0,4.6003725695582895,0.009894667930688703,1.716862678527832,-0.00812123872724124,-0.039901970696707645,0.0,0.2913818359375,0.7666691541671753,0.9217982292175293,5.0,0.0,1.5,0.0,0.0,0.0,0.8,0.6,1.2,axis_aligned_box,,3.0,0.7281081076896054,1.5,0.0,0.10673933967493698,0.0
static_box,154,1789357100.284338236,1789357100.283927441,1789357100.281915188,unmatched_est_5,,unmatched_estimate,,5,0,0,5.265528278188729,0.3323307134113296,1.6889702081680298,-0.25469545541390515,-0.02497759854161672,0.0,0.5367708206176758,0.14687451720237732,0.923827052116394,,,,,,,,,,,,3.0,0.7281081076896054,1.5,0.0,0.10673933967493698,0.0
static_box,155,1789357100.382553577,1789357100.382267475,1789357100.281915188,0,0,matched,0.46535810795688415,5,1,0,5.239560427934909,0.3356264904413145,1.7156938314437866,-0.2858118194155227,-0.005385968205792877,0.0,0.5367708206176758,0.14687451720237732,0.923827052116394,5.0,0.0,1.5,0.0,0.0,0.0,0.8,0.6,1.2,axis_aligned_box,,3.0,0.7386981447601244,1.5,0.0,0.10511368449204621,0.0
static_box,155,1789357100.382553577,1789357100.382267475,1789357100.281915188,unmatched_est_0,,unmatched_estimate,,0,0,0,4.600318749125621,0.016165251180091978,1.7630912065505981,-0.00831194036655157,-0.01646852473008928,0.0,0.2913818359375,0.7666691541671753,0.9217982292175293,,,,,,,,,,,,3.0,0.7386981447601244,1.5,0.0,0.10511368449204621,0.0
static_box,156,1789357100.482898712,1789357100.482170105,1789357100.481985807,0,0,matched,0.4421451913571541,5,1,0,5.235941964782813,0.33252085386518304,1.671036958694458,-0.25485644348432035,-0.009018672405575268,0.0,0.5367708206176758,0.14687451720237732,0.923827052116394,5.0,0.0,1.5,0.0,0.0,0.0,0.8,0.6,1.2,axis_aligned_box,,3.0,0.7491285521224755,1.5,0.0,0.10345733633568928,0.0
static_box,156,1789357100.482898712,1789357100.482170105,1789357100.481985807,unmatched_est_0,,unmatched_estimate,,0,0,0,4.6009335569894585,0.024281602983163963,1.7341275215148926,-0.004512901248260482,0.013201561385680242,0.0,0.2913818359375,0.7666691541671753,0.9217982292175293,,,,,,,,,,,,3.0,0.7491285521224755,1.5,0.0,0.10345733633568928,0.0
static_box,157,1789357100.582886934,1789357100.582170963,1789357100.581894159,0,0,matched,0.44837724522885336,5,0,0,5.230347833173841,0.3323573877933638,1.6937023401260376,-0.19493587093733025,-0.00150208472158536,0.0,0.5367708206176758,0.14687451720237732,0.923827052116394,5.0,0.0,1.5,0.0,0.0,0.0,0.8,0.6,1.2,axis_aligned_box,,3.0,0.7593710279768788,1.5,0.0,0.10177445059893267,0.0
static_box,157,1789357100.582886934,1789357100.582170963,1789357100.581894159,unmatched_est_0,,unmatched_estimate,,0,1,0,4.6011053502284405,0.027672881189727317,1.7094162702560425,-0.0012497743683601648,0.03717358196332247,0.0,0.2913818359375,0.7666691541671753,0.9217982292175293,,,,,,,,,,,,3.0,0.7593710279768788,1.5,0.0,0.10177445059893267,0.0
static_box,158,1789357100.682851076,1789357100.682465792,1789357100.682020426,0,0,matched,0.43868406290762996,5,1,0,5.227130593082299,0.3346871550649516,1.669823169708252,-0.1176030649325743,0.005546786851586237,0.0,0.5367708206176758,0.14687451720237732,0.923827052116394,5.0,0.0,1.5,0.0,0.0,0.0,0.8,0.6,1.2,axis_aligned_box,,3.0,0.7694621243316047,1.5,0.0,0.10005854965175638,0.0
static_box,158,1789357100.682851076,1789357100.682465792,1789357100.682020426,unmatched_est_0,,unmatched_estimate,,0,0,0,4.603792997671624,0.034002310004005123,1.696276307106018,0.008997773532306014,0.05770801531186344,0.0,0.2913818359375,0.7666691541671753,0.9217982292175293,,,,,,,,,,,,3.0,0.7694621243316047,1.5,0.0,0.10005854965175638,0.0
static_box,159,1789357100.782850981,1789357100.782463312,1789357100.781927109,0,0,matched,0.42218837035273604,5,1,0,5.228536761520683,0.3365063946624499,1.6130372285842896,-0.05010981169849901,0.013847347412417041,0.0,0.5367708206176758,0.14687451720237732,0.923827052116394,5.0,0.0,1.5,0.0,0.0,0.0,0.8,0.6,1.2,axis_aligned_box,,3.0,0.7793880671799509,1.5,0.0,0.09831123432557984,0.0
static_box,159,1789357100.782850981,1789357100.782463312,1789357100.781927109,unmatched_est_0,,unmatched_estimate,,0,0,0,4.606017230706247,0.035624589650030986,1.7136671543121338,0.016213228715416837,0.05241924648668603,0.0,0.46126842498779297,0.7629619240760803,0.9274556636810303,,,,,,,,,,,,3.0,0.7793880671799509,1.5,0.0,0.09831123432557984,0.0
static_box,160,1789357100.882779121,1789357100.882150412,1789357100.881961107,0,0,matched,0.4444349323753021,5,0,0,5.24918903499306,0.33327532470814364,1.6560602188110352,0.057996338686721854,0.005004645849596156,0.0,0.5367708206176758,0.14687451720237732,0.923827052116394,5.0,0.0,1.5,0.0,0.0,0.0,0.8,0.6,1.2,axis_aligned_box,,3.0,0.7891365895453664,1.5,0.0,0.09653407185525223,0.0
static_box,160,1789357100.882779121,1789357100.882150412,1789357100.881961107,unmatched_est_0,,unmatched_estimate,,0,1,0,4.607049207161614,0.035842839089893636,1.7049518823623657,0.019166766009054852,0.040501566367281625,0.0,0.46126842498779297,0.7629619240760803,0.9274556636810303,,,,,,,,,,,,3.0,0.7891365895453664,1.5,0.0,0.09653407185525223,0.0
static_box,161,1789357100.982880116,1789357100.982522964,1789357100.981929541,0,0,matched,0.4060136679989922,0,0,0,4.653166617812893,0.06129449255541533,1.7019819021224976,0.15586082209249288,0.10061303921911535,0.0,0.9187874794006348,0.7660643458366394,0.8952943086624146,5.0,0.0,1.5,0.0,0.0,0.0,0.8,0.6,1.2,axis_aligned_box,,3.0,0.7987018761018148,1.5,0.0,0.09472762352509775,0.0
static_box,162,1789357101.082906008,1789357101.082390547,1789357101.082028866,0,0,matched,0.3977890836202626,0,0,0,4.686267416550884,0.07709571163575347,1.7320867776870728,0.24895847281913497,0.1337214658219133,0.0,0.9187874794006348,0.7660643458366394,0.8952943086624146,5.0,0.0,1.5,0.0,0.0,0.0,0.8,0.6,1.2,axis_aligned_box,,3.0,0.8080681481367746,1.5,0.0,0.09289451701725203,0.0
static_box,163,1789357101.182859182,1789357101.182610273,1789357101.181938410,0,0,matched,0.3806987968301775,0,0,0,4.706601739097122,0.0814727903893011,1.7284977436065674,0.3032267259531953,0.1368514862960947,0.0,0.9187874794006348,0.7660643458366394,0.8952943086624146,5.0,0.0,1.5,0.0,0.0,0.0,0.8,0.6,1.2,axis_aligned_box,,3.0,0.8172716579232779,1.5,0.0,0.09102701323734007,0.0
static_box,164,1789357101.283529043,1789357101.283126354,1789357101.282016277,0,0,matched,0.3564184583453721,0,0,0,4.716615441746112,0.08617354275447914,1.698245882987976,0.26876259734104524,0.11286945719547956,0.0,0.9187874794006348,0.7660643458366394,0.8952943086624146,5.0,0.0,1.5,0.0,0.0,0.0,0.8,0.6,1.2,axis_aligned_box,,3.0,0.8262788840187791,1.5,0.0,0.08913115299176144,0.0
static_box,165,1789357101.383416891,1789357101.383117676,1789357101.381906271,0,0,matched,0.36420035605395706,0,0,0,4.715738477124113,0.0886524169979525,1.7097094058990479,0.17841265439083256,0.0748088209277325,0.0,0.9187874794006348,0.7660643458366394,0.8952943086624146,5.0,0.0,1.5,0.0,0.0,0.0,0.8,0.6,1.2,axis_aligned_box,,3.0,0.8350879335635055,1.5,0.0,0.08720688163949977,0.0
static_box,166,1789357101.483464956,1789357101.482842207,1789357101.482005835,0,0,matched,0.34106959588237973,0,0,0,4.720181826296113,0.09175335260609611,1.672080159187317,0.1055132545257845,0.04821964999601062,0.0,0.9187874794006348,0.7660643458366394,0.8952943086624146,5.0,0.0,1.5,0.0,0.0,0.0,0.8,0.6,1.2,axis_aligned_box,,3.0,0.8437120174966548,1.5,0.0,0.08525063532667818,0.0
static_box,167,1789357101.583171129,1789357101.582429886,1789357101.581936359,0,0,matched,0.3588636814131055,0,0,0,4.718852045765194,0.09778397107053007,1.7004426717758179,0.032750722177129876,0.03861751168378255,0.0,0.9187874794006348,0.7660643458366394,0.8952943086624146,5.0,0.0,1.5,0.0,0.0,0.0,0.8,0.6,1.2,axis_aligned_box,,3.0,0.8521503889902928,1.5,0.0,0.08326163431921885,0.0
static_box,168,1789357101.682244539,1789357101.681764126,1789357101.581936359,0,0,matched,0.3661346848904333,0,0,0,4.712665578500635,0.10225317821227306,1.7025779485702515,-0.02499333073766495,0.03378662908133374,0.0,0.9187874794006348,0.7660643458366394,0.8952943086624146,5.0,0.0,1.5,0.0,0.0,0.0,0.8,0.6,1.2,axis_aligned_box,,3.0,0.8603644653256661,1.5,0.0,0.08124844228527643,0.0
static_box,169,1789357101.783030272,1789357101.782274485,1789357101.781918049,0,0,matched,0.38145109348499295,0,0,0,4.701928303055844,0.09577602020786766,1.717910885810852,-0.08105696190857455,0.001527130996090656,0.0,0.9187874794006348,0.7660643458366394,0.8952943086624146,5.0,0.0,1.5,0.0,0.0,0.0,0.8,0.6,1.2,axis_aligned_box,,3.0,0.8683853054196276,1.5,0.0,0.07920291776012393,0.0
static_box,170,1789357101.882538319,1789357101.882225037,1789357101.781918049,0,0,matched,0.3996063596129974,0,0,0,4.694765693181925,0.1000928786775879,1.737694501876831,-0.10817813500242993,0.0025592328034649437,0.0,0.9187874794006348,0.7660643458366394,0.8952943086624146,5.0,0.0,1.5,0.0,0.0,0.0,0.8,0.6,1.2,axis_aligned_box,,3.0,0.8762048151625184,1.5,0.0,0.0771261417611869,0.0
static_box,171,1789357101.983061075,1789357101.982425451,1789357101.981918573,0,0,matched,0.37180273130594504,0,0,0,4.692912597282166,0.09228769924377357,1.6881955862045288,-0.10242864937912732,-0.03249316482867013,0.0,0.9187874794006348,0.7660643458366394,0.8952943086624146,5.0,0.0,1.5,0.0,0.0,0.0,0.8,0.6,1.2,axis_aligned_box,,3.0,0.8838133362945619,1.5,0.0,0.0750198347066429,0.0
static_box,172,1789357102.081914663,1789357102.081678867,1789357101.981918573,0,0,matched,0.3778731516156404,0,0,0,4.693700129188462,0.09497954671234772,1.6998684406280518,-0.07311188610212041,-0.020902122077354007,0.0,0.9187874794006348,0.7660643458366394,0.8952943086624146,5.0,0.0,1.5,0.0,0.0,0.0,0.8,0.6,1.2,axis_aligned_box,,3.0,0.8912077529381859,1.5,0.0,0.0728840943972366,0.0
static_box,173,1789357102.185667276,1789357102.185441971,1789357102.181916475,0,0,matched,0.37415459828344777,0,0,0,4.7018568073542,0.09672514643910525,1.704319715499878,-0.01721357072278014,-0.01684448318907652,0.0,0.9187874794006348,0.7660643458366394,0.8952943086624146,5.0,0.0,1.5,0.0,0.0,0.0,0.8,0.6,1.2,axis_aligned_box,,3.0,0.8990964619290092,1.5,0.0,0.07049910450640783,0.0
static_box,174,1789357102.282505989,1789357102.282203197,1789357102.181916475,0,0,matched,0.37136940693280546,0,0,0,4.70421813507856,0.09739524293165694,1.7023425102233887,0.01465591333040333,-0.003856668010596389,0.0,0.9187874794006348,0.7660643458366394,0.8952943086624146,5.0,0.0,1.5,0.0,0.0,0.0,0.8,0.6,1.2,axis_aligned_box,,3.0,0.9053546808474651,1.5,0.0,0.06852063037453365,0.0
static_box,175,1789357102.383027315,1789357102.382192850,1789357102.381908655,0,0,matched,0.3592826966226811,0,0,0,4.711860446269883,0.10227847220342519,1.688676357269287,0.053071140987964546,0.015938123917481437,0.0,0.9187874794006348,0.7660643458366394,0.8952943086624146,5.0,0.0,1.5,0.0,0.0,0.0,0.8,0.6,1.2,axis_aligned_box,,3.0,0.9120954793466494,1.5,0.0,0.06629464743651088,0.0
static_box,176,1789357102.482857227,1789357102.482215166,1789357102.481998682,0,0,matched,0.3823071361984157,0,0,0,4.719083119678586,0.10619109841393023,1.7365753650665283,0.07246354204040494,0.029359457735008126,0.0,0.9187874794006348,0.7660643458366394,0.8952943086624146,5.0,0.0,1.5,0.0,0.0,0.0,0.8,0.6,1.2,axis_aligned_box,,3.0,0.9186092095616334,1.5,0.0,0.0640397222472902,0.0
static_box,177,1789357102.582354546,1789357102.582061529,1789357102.481998682,0,0,matched,0.3808619961119985,0,0,0,4.722016948979062,0.11002069105013343,1.7359591722488403,0.07366122120671073,0.04067383727267301,0.0,0.9187874794006348,0.7660643458366394,0.8952943086624146,5.0,0.0,1.5,0.0,0.0,0.0,0.8,0.6,1.2,axis_aligned_box,,3.0,0.9248969890855712,1.5,0.0,0.06175448124815486,0.0
static_box,178,1789357102.682879448,1789357102.682399988,1789357102.682012320,0,0,matched,0.35963033690968976,0,0,0,4.726916804822995,0.10950881399559638,1.7068027257919312,0.07109304183790376,0.032028346965988115,0.0,0.9187874794006348,0.7660643458366394,0.8952943086624146,5.0,0.0,1.5,0.0,0.0,0.0,0.8,0.6,1.2,axis_aligned_box,,3.0,0.930959473427567,1.5,0.0,0.059437438156552114,0.0
static_box,179,1789357102.783307552,1789357102.782886982,1789357102.781942606,0,0,matched,0.35889573228842936,0,0,0,4.722356971723227,0.10967815533738999,1.6992264986038208,0.03455050021710365,0.022335468677572263,0.0,0.9187874794006348,0.7660643458366394,0.8952943086624146,5.0,0.0,1.5,0.0,0.0,0.0,0.8,0.6,1.2,axis_aligned_box,,3.0,0.9367856560914931,1.5,0.0,0.057091607354388806,0.0
static_box,180,1789357102.883101463,1789357102.882486105,1789357102.881943226,0,0,matched,0.36457950934223726,0,0,0,4.717656316209882,0.10546252883213739,1.7051290273666382,0.0008416788633329383,-0.0027078210482659355,0.0,0.9187874794006348,0.7660643458366394,0.8952943086624146,5.0,0.0,1.5,0.0,0.0,0.0,0.8,0.6,1.2,axis_aligned_box,,3.0,0.9423774467993031,1.5,0.0,0.054715052204427725,0.0
static_box,181,1789357102.982680321,1789357102.981846809,1789357102.881943226,0,0,matched,0.3659192603699827,0,0,0,4.714273608978441,0.10413711002697572,1.7035013437271118,-0.028113771343008985,-0.01401414358590746,0.0,0.9187874794006348,0.7660643458366394,0.8952943086624146,5.0,0.0,1.5,0.0,0.0,0.0,0.8,0.6,1.2,axis_aligned_box,,3.0,0.947727635133051,1.5,0.0,0.05230959237412432,0.0
static_box,182,1789357103.082851410,1789357103.082291365,1789357103.081929445,0,0,matched,0.3549698848888113,0,0,0,4.721050120243982,0.10516541115871877,1.6926935911178589,-0.01263722420608556,-0.01533319759049525,0.0,0.9187874794006348,0.7660643458366394,0.8952943086624146,5.0,0.0,1.5,0.0,0.0,0.0,0.8,0.6,1.2,axis_aligned_box,,3.0,0.9528394515396195,1.5,0.0,0.049872370532782796,0.0
static_box,183,1789357103.185529709,1789357103.185077429,1789357103.181923389,0,0,matched,0.37556225156612993,0,0,0,4.722335402417706,0.10903123471408056,1.7281700372695923,-0.004497323057240377,-0.000133006023384407,0.0,0.9187874794006348,0.7660643458366394,0.8952943086624146,5.0,0.0,1.5,0.0,0.0,0.0,0.8,0.6,1.2,axis_aligned_box,,3.0,0.9581744968039332,1.5,0.0,0.047159096029902925,0.0
static_box,184,1789357103.284672976,1789357103.284206629,1789357103.281887531,0,0,matched,0.3868147438944266,0,0,0,4.719906514334716,0.1019580931699112,1.74653160572052,-0.0023188905544401645,-0.016727865902950893,0.0,0.9187874794006348,0.7660643458366394,0.8952943086624146,5.0,0.0,1.5,0.0,0.0,0.0,0.8,0.6,1.2,axis_aligned_box,,3.0,0.962317704287915,1.5,0.0,0.04491139009407862,0.0
static_box,185,1789357103.381087065,1789357103.380884647,1789357103.281887531,0,0,matched,0.35804381835013394,0,0,0,4.722244849530001,0.10233903523492321,1.701430320739746,0.004317815965538137,-0.012260754377007677,0.0,0.9187874794006348,0.7660643458366394,0.8952943086624146,5.0,0.0,1.5,0.0,0.0,0.0,0.8,0.6,1.2,axis_aligned_box,,3.0,0.9666822820457492,1.5,0.0,0.04238565647790187,0.0
static_box,186,1789357103.485493183,1789357103.485224962,1789357103.481920958,0,0,matched,0.3531713581152531,0,0,0,4.714860419640299,0.094762624133385,1.685594916343689,-0.019864806842953435,-0.03795248900372353,0.0,0.9187874794006348,0.7660643458366394,0.8952943086624146,5.0,0.0,1.5,0.0,0.0,0.0,0.8,0.6,1.2,axis_aligned_box,,3.0,0.97119264175512,1.5,0.0,0.039570848323156216,0.0
static_box,187,1789357103.583058357,1789357103.582757473,1789357103.581901312,0,0,matched,0.35166486089472315,0,0,0,4.723367883994308,0.10447624118496544,1.6903353929519653,0.008086375875005433,-0.0009095978920310513,0.0,0.9187874794006348,0.7660643458366394,0.8952943086624146,5.0,0.0,1.5,0.0,0.0,0.0,0.8,0.6,1.2,axis_aligned_box,,3.0,0.9746465598320129,1.5,0.0,0.03724403725435439,0.0
static_box,188,1789357103.682344675,1789357103.682023764,1789357103.581901312,0,0,matched,0.35686858270927363,0,0,0,4.722551804893705,0.10878812356218646,1.696323275566101,0.0035150271278177004,0.016159806263661425,0.0,0.9187874794006348,0.7660643458366394,0.8952943086624146,5.0,0.0,1.5,0.0,0.0,0.0,0.8,0.6,1.2,axis_aligned_box,,3.0,0.9782463443771141,1.5,0.0,0.03462349941002506,0.0
static_box,189,1789357103.782967329,1789357103.782351255,1789357103.781909227,0,0,matched,0.3499495571233905,0,0,0,4.730277186635976,0.11522371727286523,1.6908868551254272,0.03534323577001472,0.04825068194433813,0.0,0.9187874794006348,0.7660643458366394,0.8952943086624146,5.0,0.0,1.5,0.0,0.0,0.0,0.8,0.6,1.2,axis_aligned_box,,3.0,0.9815727639991843,1.5,0.0,0.031980643404734846,0.0
static_box,190,1789357103.884971619,1789357103.884652138,1789357103.881880283,0,0,matched,0.3637684519559267,0,0,0,4.732804728885204,0.12051652894288818,1.715429663658142,0.03744573055017685,0.0598823823138577,0.0,0.9187874794006348,0.7660643458366394,0.8952943086624146,5.0,0.0,1.5,0.0,0.0,0.0,0.8,0.6,1.2,axis_aligned_box,,3.0,0.9849285161177079,1.5,0.0,0.029035770454333365,0.0
static_box,191,1789357103.980089903,1789357103.979935884,1789357103.881880283,0,0,matched,0.3845766312256942,0,0,0,4.721123662970002,0.11295482874670926,1.7395169734954834,-0.000950411940180737,0.02749601308095717,0.0,0.9187874794006348,0.7660643458366394,0.8952943086624146,5.0,0.0,1.5,0.0,0.0,0.0,0.8,0.6,1.2,axis_aligned_box,,3.0,0.9874311311752759,1.5,0.0,0.026600141198038413,0.0
static_box,192,1789357104.082649231,1789357104.082261324,1789357104.081853867,0,0,matched,0.3641562066453815,0,0,0,4.718950215775012,0.10902406559890526,1.7042902708053589,-0.01940795359333318,7.885057501922504e-05,0.0,0.9187874794006348,0.7660643458366394,0.8952943086624146,5.0,0.0,1.5,0.0,0.0,0.0,0.8,0.6,1.2,axis_aligned_box,,3.0,0.9899567080929614,1.5,0.0,0.02386167619798811,0.0
static_box,193,1789357104.181394100,1789357104.181155920,1789357104.081853867,0,0,matched,0.35937221201238356,0,0,0,4.719734175864058,0.10766870076751049,1.6975016593933105,-0.02843649340826485,-0.021725611015657155,0.0,0.9187874794006348,0.7660643458366394,0.8952943086624146,5.0,0.0,1.5,0.0,0.0,0.0,0.8,0.6,1.2,axis_aligned_box,,3.0,0.9922052082654962,1.5,0.0,0.02109511405415209,0.0
static_box,194,1789357104.282551289,1789357104.282099009,1789357104.181890726,0,0,matched,0.3561807086933379,0,0,0,4.715983922314081,0.09987127710300449,1.6903294324874878,-0.03263802242627159,-0.047606649938062476,0.0,0.9187874794006348,0.7660643458366394,0.8952943086624146,5.0,0.0,1.5,0.0,0.0,0.0,0.8,0.6,1.2,axis_aligned_box,,3.0,0.9941739040016311,1.5,0.0,0.018300993931805766,0.0
static_box,195,1789357104.382581234,1789357104.382164001,1789357104.282042027,0,0,matched,0.36007883852590894,0,0,0,4.723333145610777,0.10061969244603924,1.7073352336883545,-0.001291342322496683,-0.040182091269619344,0.0,0.9187874794006348,0.7660643458366394,0.8952943086624146,5.0,0.0,1.5,0.0,0.0,0.0,0.8,0.6,1.2,axis_aligned_box,,3.0,0.9958631750385394,1.5,0.0,0.015474544411164842,0.0
static_box,196,1789357104.481490850,1789357104.481199741,1789357104.382045507,0,0,matched,0.34257926486680873,0,0,0,4.729874007060914,0.10400366378034494,1.683236837387085,0.02460981075747561,-0.022993429207415095,0.0,0.9187874794006348,0.7660643458366394,0.8952943086624146,5.0,0.0,1.5,0.0,0.0,0.0,0.8,0.6,1.2,axis_aligned_box,,3.0,0.9972673028731358,1.5,0.0,0.012620262982811084,0.0
static_box,197,1789357104.583167553,1789357104.582456827,1789357104.582060099,0,0,matched,0.35861157158108625,0,0,0,4.724242308276592,0.10574445512690282,1.7034159898757935,0.01626295508860208,-0.002105435355705877,0.0,0.9187874794006348,0.7660643458366394,0.8952943086624146,5.0,0.0,1.5,0.0,0.0,0.0,0.8,0.6,1.2,axis_aligned_box,,3.0,0.998385441766872,1.5,0.0,0.009733749739267819,0.0
static_box,198,1789357104.681612730,1789357104.681282997,1789357104.582060099,0,0,matched,0.3779298209295451,0,0,0,4.721389215827726,0.10515425629786067,1.7327005863189697,0.004131853731670156,0.006152040494548039,0.0,0.9187874794006348,0.7660643458366394,0.8952943086624146,5.0,0.0,1.5,0.0,0.0,0.0,0.8,0.6,1.2,axis_aligned_box,,3.0,0.999213319857001,1.5,0.0,0.006817484942158908,0.0
static_box,199,1789357104.780970812,1789357104.780696630,1789357104.681986094,0,0,matched,0.3627060437493046,0,0,0,4.725278607708158,0.11071071193571835,1.7093489170074463,0.00462148276450762,0.025478326544194886,0.0,0.9187874794006348,0.7660643458366394,0.8952943086624146,5.0,0.0,1.5,0.0,0.0,0.0,0.8,0.6,1.2,axis_aligned_box,,3.0,0.9997488546978222,1.5,0.0,0.003865038080620545,0.0
static_box,200,1789357104.884390593,1789357104.884052038,1789357104.882066250,0,0,matched,0.34819561543207106,0,0,0,4.731438342343962,0.11183178289488246,1.6913334131240845,0.021639485522369387,0.026922645523684716,0.0,0.9187874794006348,0.7660643458366394,0.8952943086624146,5.0,0.0,1.5,0.0,0.0,0.0,0.8,0.6,1.2,axis_aligned_box,,3.0,0.9999866807664908,1.5,0.0,0.000893065421698511,0.0
