run_id,scene,motion,frame_index,t_cloud,t_quad,t_car,dt_quad,dt_car,sync_valid,raw_point_count,world_point_count,local_point_count,valid,failure_reason,uav_x,uav_y,uav_z,uav_yaw_deg,d_lidar,d_GT,abs_d_lidar_d_GT,h_raw,h_fit,abs_h_fit_h_raw,qstar_x,qstar_y,qstar_z,boundary_valid,s_raw,s_fit,signed_boundary_shift,nraw_x,nraw_y,nraw_z,nfit_x,nfit_y,nfit_z,gradient_angle_deg,raw_gradient_jump_deg,fit_gradient_jump_deg,nearest_obstacle_id,nearest_changed,rmse,max_abs_error,condition_number,rank,T_preprocess_ms,T_kdtree_build_ms,T_query_generation_ms,T_nearest_neighbor_query_ms,T_regression_ms,T_depth_cbf_total_ms,min_raylength,yaw_fov_deg,vertical_fov_deg
A2_blind_r0p5,A2_cylinder,blind,0,1789204914.31,1789204914.31,1789204914.31,0,0,1,19124,19124,466,1,VALID,3,0,1.5,0,0.997579723983,1,0.002420276017,0.975914814472,0.976301742417,0.000386927945273,3.99828386307,0.0212746504694,1.5373032093,1,0.849207042221,0.823187057287,-0.0260199849335,-0.999076039084,-0.0212915327095,-0.0373328108128,-0.999999724291,0.000584733754564,0.000457716798045,2.50262003836,nan,nan,0,0,0.00247798105263,0.00533184392112,26.7222192849,10,2.280966,0.077879,0.002888,0.132608,0.048248,2.555864,0.5,70.4,77.2
A2_blind_r0p5,A2_cylinder,blind,1,1789204914.41,1789204914.41,1789204914.41,0,0,1,19206,19206,473,1,VALID,3,0,1.5,0,0.997579723983,1,0.002420276017,0.975919940472,0.975910615206,9.32526588415e-06,3.99808049202,0.0227622389793,1.45832145214,1,0.849209666839,0.822585912908,-0.0266237539303,-0.998869966506,-0.0227802437466,0.0417115152906,-0.999999779257,0.000207285430121,-0.000631283912729,2.76155273887,4.53090532825,0.0660367088527,0,0,0.00287977165492,0.0066254934924,26.7222192849,10,5.626069,0.152835,0.007038,0.296606,0.10001,6.215333,0.5,70.4,77.2
A2_blind_r0p5,A2_cylinder,blind,2,1789204914.51,1789204914.51,1789204914.51,0,0,1,18821,18821,471,1,VALID,3,0,1.5,0,0.997579723983,1,0.002420276017,0.975840249062,0.97597077557,0.000130526508603,3.99830412865,0.0223707146943,1.53505253792,1,0.849169792034,0.823235779459,-0.025934012575,-0.999133622714,-0.0223893025921,-0.035081663183,-0.999999910121,-0.000256390621227,-0.000337670437932,2.36097653762,4.40108988182,0.0314451211542,0,0,0.00237784539097,0.00563450319426,26.7222192849,10,3.919646,0.13923,0.006385,0.288646,0.088901,4.472181,0.5,70.4,77.2
A2_blind_r0p5,A2_cylinder,blind,3,1789204914.61,1789204914.61,1789204914.61,0,0,1,19327,19327,470,1,VALID,3,0,1.5,0,0.997579723983,1,0.002420276017,0.975874581337,0.976125940834,0.000251359496798,3.99825739861,0.0193692855537,1.5384914875,1,0.849186918087,0.821138093869,-0.028048824218,-0.999069673879,-0.01938504621,-0.0385228077653,-0.999999774985,0.000669204642969,4.68449697706e-05,2.49151284156,0.261755555184,0.0574268024846,0,0,0.00258339252574,0.00582898524829,26.7222192849,10,6.835801,0.194855,0.009233,0.477511,0.126986,7.684437,0.5,70.4,77.2
A2_blind_r0p5,A2_cylinder,blind,4,1789204914.71,1789204914.71,1789204914.71,0,0,1,18900,18900,463,1,VALID,3,0,1.5,0,0.997621448565,1,0.00237855143465,0.975717046261,0.975709199326,7.84693445444e-06,3.99825167656,0.0204465892166,1.53595244884,1,0.849108076977,0.821386595852,-0.0277214811253,-0.999142784079,-0.0204648412364,-0.0359845424524,-0.999999785177,0.000131413444514,-0.000642164858796,2.34441097144,0.158099997989,0.05007906678,0,0,0.00237370447895,0.00566832932404,26.7222192849,10,2.982991,0.085475,0.004106,0.176695,0.057575,3.325866,0.5,70.4,77.2
A2_blind_r0p5,A2_cylinder,blind,5,1789204914.81,1789204914.81,1789204914.81,0,0,1,19099,19099,476,1,VALID,3,0,1.5,0,0.997579723983,1,0.002420276017,0.975566604137,0.976032460111,0.000465855973107,3.99823260307,0.021513197571,1.53369688988,1,0.849032880404,0.823709795218,-0.0253230851864,-0.999198982111,-0.0215340242833,-0.0337295115007,-0.999999654161,-3.43218530052e-05,0.000830963245675,2.33267270283,0.143027049816,0.0849365247268,0,0,0.00270260659376,0.00592438100066,26.7222192849,10,4.609843,0.141581,0.006677,0.294924,0.086277,5.170443,0.5,70.4,77.2
A2_blind_r0p5,A2_cylinder,blind,6,1789204914.91,1789204914.91,1789204914.91,0,0,1,19053,19053,467,1,VALID,3,0,1.5,0,0.997656094202,1,0.00234390579798,0.976029791832,0.976045674324,1.58824920656e-05,3.99831533432,0.0200759097934,1.53864204884,1,0.84926471042,0.823423961246,-0.0258407491738,-0.999050027703,-0.0200906843216,-0.0386704868018,-0.999999553899,0.000606943131658,-0.000723754852731,2.47736448884,0.295052198865,0.0963586551064,0,0,0.00260213418164,0.0057524188246,26.7222192849,10,5.970541,0.126485,0.006246,0.271349,0.078644,6.481815,0.5,70.4,77.2
A2_blind_r0p5,A2_cylinder,blind,7,1789204915.01,1789204915.01,1789204915.01,0,0,1,18770,18770,470,1,VALID,3,0,1.5,0,0.997594388934,1,0.00240561106562,0.975710549355,0.975900013072,0.000189463717597,3.99826407433,0.0228133816272,1.53404211998,1,0.84910475812,0.82657557806,-0.0225291800597,-0.999158482487,-0.0228338215842,-0.0340726204764,-0.99999996405,0.000101105090127,0.00024835162765,2.36576090449,0.306824156755,0.0627869577761,0,0,0.00241282067427,0.00565671460969,26.7222192849,10,2.59521,0.057727,0.002592,0.116292,0.036669,2.820783,0.5,70.4,77.2
A2_blind_r0p5,A2_cylinder,blind,8,1789204915.11,1789204915.11,1789204915.11,0,0,1,19279,19279,484,1,VALID,3,0,1.5,0,0.997579723983,1,0.002420276017,0.97586230278,0.976071125167,0.000208822386605,3.99826812744,0.019890518859,1.53778123856,1,0.849180917613,0.821853751033,-0.0273271665799,-0.999086560201,-0.0199068261534,-0.0378122136041,-0.999999875539,0.000462654535677,0.000186740702472,2.47100873849,0.272122227164,0.0210138797256,0,0,0.00268513332211,0.00623821987424,26.7222192849,10,1.782607,0.104302,0.00508,0.223394,0.068258,2.206653,0.5,70.4,77.2
A2_blind_r0p5,A2_cylinder,blind,9,1789204915.21,1789204915.21,1789204915.21,0,0,1,19115,19115,466,1,VALID,3,0,1.5,0,0.997621448565,1,0.00237855143465,0.975773313046,0.975881623881,0.000108310835702,3.99827408791,0.0199994966388,1.53636133671,1,0.849136314026,0.821817808147,-0.0273185058788,-0.999137074958,-0.020016785785,-0.0363927703225,-0.999999699958,-1.00292062445e-05,-0.000774586509419,2.34135949577,0.0816231104828,0.0613781975647,0,0,0.00239134017918,0.00559474556787,26.7222192849,10,4.40018,0.112293,0.005474,0.280827,0.083405,4.905996,0.5,70.4,77.2
A2_blind_r0p5,A2_cylinder,blind,10,1789204915.31,1789204915.31,1789204915.31,0,0,1,18915,18915,471,1,VALID,3,0,1.5,0,0.997579723983,1,0.002420276017,0.975810685158,0.976098936047,0.000288250889097,3.99829673767,0.0230592843145,1.53438818455,1,0.849154896169,0.823321857298,-0.0258330388708,-0.999141041726,-0.0230787865792,-0.0344172681681,-0.999999751015,2.60353761779e-05,0.000705189066623,2.40943418663,0.208783871271,0.0848100793494,0,0,0.00274543786734,0.00640187266895,26.7222192849,10,2.731839,0.094779,0.00443,0.190955,0.063681,3.106096,0.5,70.4,77.2
A2_blind_r0p5,A2_cylinder,blind,11,1789204915.41,1789204915.41,1789204915.41,0,0,1,19059,19059,461,1,VALID,3,0,1.5,0,0.997656094202,1,0.00234390579798,0.976061322689,0.976003951311,5.73713779453e-05,3.99830412865,0.0205255877227,1.53910136223,1,0.849280518706,0.822642346089,-0.0266381726165,-0.999023009744,-0.0205403682456,-0.0391295192092,-0.999999876464,0.00046702629383,-0.000170174307676,2.53686126931,0.306748555566,0.0561596302212,0,0,0.0024619959169,0.00533140747888,26.7222192849,10,3.870519,0.114607,0.0058,0.252209,0.079388,4.349222,0.5,70.4,77.2
A2_blind_r0p5,A2_cylinder,blind,12,1789204915.51,1789204915.51,1789204915.51,0,0,1,19034,19034,458,1,VALID,3,0,1.5,0,0.997579723983,1,0.002420276017,0.975624241829,0.976043023109,0.000418781280518,3.99823594093,0.0223154053092,1.53393042088,1,0.849061706077,0.824054187192,-0.0250075188849,-0.999173483345,-0.0223363639203,-0.0339622883002,-0.999999971253,0.000122506554596,-0.000206121649369,2.32368694725,0.313552915068,0.0198466883885,0,0,0.0024222371276,0.00528183450018,26.7222192849,10,4.603661,0.099202,0.004851,0.216128,0.06279,5.009602,0.5,70.4,77.2
A2_blind_r0p5,A2_cylinder,blind,13,1789204915.61,1789204915.61,1789204915.61,0,0,1,19244,19244,485,1,VALID,3,0,1.5,0,0.997579723983,1,0.002420276017,0.975880124569,0.975915412085,3.52875164579e-05,3.99826741219,0.0211057327688,1.53737473488,1,0.849189829057,0.823032555154,-0.0261572739031,-0.999076918013,-0.0211228476355,-0.0374050424548,-0.999999942527,0.000296776478486,0.000163918614484,2.47857788968,0.209223897124,0.0234352910349,0,0,0.00271209785409,0.00615237488065,26.7222192849,10,2.326964,0.072169,0.003348,0.153646,0.050681,2.622651,0.5,70.4,77.2
A2_blind_r0p5,A2_cylinder,blind,14,1789204915.71,1789204915.71,1789204915.71,0,0,1,18800,18800,458,1,VALID,3,0,1.5,0,0.997579723983,1,0.002420276017,0.975900211334,0.975944497313,4.42859785899e-05,3.99827837944,0.0218242090195,1.53693437576,1,0.84919975168,0.821825080983,-0.0273746706962,-0.999077878179,-0.0218416875385,-0.0369639556752,-0.999999961743,-0.000213381603923,-0.000176016916323,2.44584066093,0.0483220972971,0.0351245768319,0,0,0.0023601114333,0.00546855717046,26.7222192849,10,4.903805,0.132395,0.006844,0.296272,0.094582,5.465339,0.5,70.4,77.2
A2_blind_r0p5,A2_cylinder,blind,15,1789204915.81,1789204915.81,1789204915.81,0,0,1,19058,19058,479,1,VALID,3.00031655314,0,1.5,0,0.99726349169,0.999683446865,0.00241995517512,0.975107648373,0.975384800025,0.000277151652745,3.99826288223,0.021926894784,1.53507328033,1,0.848803271322,0.821340811309,-0.0274624600132,-0.999142118822,-0.0219531686974,-0.0351153069115,-0.999999863628,0.000293662288455,0.000431863337397,2.40336263448,0.106176023084,0.0453546656996,0,0,0.00276481126536,0.00727732355254,26.7222192849,10,7.510892,0.235943,0.01089,0.553363,0.14124,8.498314,0.5,70.4,77.2
A2_blind_r0p5,A2_cylinder,blind,16,1789204915.91,1789204915.91,1789204915.91,0,0,1,19068,19068,454,1,VALID,3.00381941911,0,1.5,0,0.993764621353,0.996180580889,0.0024159595356,0.968211510181,0.968326691798,0.000115181616375,3.99825954437,0.0200579855591,1.53739094734,1,0.845344990399,0.818800765191,-0.0265442252078,-0.999090944079,-0.0201517931744,-0.0375658181231,-0.999999803845,0.000507394714013,-0.000367234417181,2.43869858205,0.174282657388,0.0473943406118,0,0,0.00240015839607,0.00531728511197,26.7222192849,10,2.019138,0.051843,0.002547,0.109552,0.035532,2.230495,0.5,70.4,77.2
A2_blind_r0p5,A2_cylinder,blind,17,1789204916.01,1789204916.01,1789204916.01,0,0,1,18807,18807,462,1,VALID,3.01105896806,0,1.5,0,0.986533425139,0.988941031937,0.00240760679807,0.953831412792,0.954305418185,0.000474005392619,3.99829316139,0.0234472770244,1.53391802311,1,0.838094927786,0.813562787611,-0.0245321401743,-0.999128908661,-0.0237297821153,-0.0343266852407,-0.999999894523,0.00011619796273,0.000444355666715,2.41641395407,0.276540281738,0.0516207127748,0,0,0.00245052528608,0.00576824988638,26.7222192849,10,4.501271,0.109186,0.005006,0.226778,0.076705,4.942967,0.5,70.4,77.2
A2_blind_r0p5,A2_cylinder,blind,18,1789204916.11,1789204916.11,1789204916.11,0,0,1,19310,19310,463,1,VALID,3.02187892073,0,1.5,0,0.97572337825,0.978121079274,0.0023977010238,0.93284735918,0.932674107858,0.000173251322338,3.9983355999,0.0227782540023,1.53689086437,1,0.827418718151,0.801293469237,-0.0261252489141,-0.999015693,-0.0233044984922,-0.0377431515625,-0.999999768855,0.00058820823077,0.000341028877655,2.57676614241,0.197366603004,0.0276846031756,0,0,0.00267252442556,0.0060248437609,26.7222192849,10,5.159303,0.13514,0.006363,0.274613,0.101927,5.707183,0.5,70.4,77.2
A2_blind_r0p5,A2_cylinder,blind,19,1789204916.21,1789204916.21,1789204916.21,0,0,1,19184,19184,416,1,VALID,3.03612733693,0,1.5,0,0.961493947202,0.963872663068,0.00237871586591,0.904694774151,0.904978429692,0.000283655541284,3.99822497368,0.021344454959,1.53327620029,1,0.812909436633,0.788568741088,-0.024340695545,-0.999156838183,-0.0221666256262,-0.0345579718764,-0.999999995839,2.95098468858e-05,-8.63247395084e-05,2.34976238411,0.193961719274,0.0403019942545,0,0,0.00232097613683,0.00527322934355,26.7222192849,10,5.209171,0.126419,0.006855,0.290191,0.099211,5.763129,0.5,70.4,77.2
A2_blind_r0p5,A2_cylinder,blind,20,1789204916.31,1789204916.31,1789204916.31,0,0,1,19507,19507,456,1,VALID,3.05363127019,0,1.5,0,0.943986300626,0.946368729807,0.00238242918137,0.871600725651,0.872039603642,0.000438877991268,3.99826645851,0.0224841516465,1.53549075127,1,0.79556896275,0.770275873411,-0.0252930893385,-0.999012414148,-0.0237784352036,-0.0375337501092,-0.999999731513,0.000401704438209,0.000612868450536,2.58858097968,0.194080143706,0.0453831776431,0,0,0.00273238870996,0.00723421709878,26.7222192849,10,4.673458,0.196807,0.009252,0.407972,0.086905,5.417099,0.5,70.4,77.2
A2_blind_r0p5,A2_cylinder,blind,21,1789204916.41,1789204916.41,1789204916.41,0,0,1,19512,19512,410,1,VALID,3.07421948928,0,1.5,0,0.923443240127,0.925780510716,0.00233727058878,0.833159484863,0.83321698434,5.74994768416e-05,3.99825167656,0.0194090381265,1.53804290295,1,0.775018667987,0.750946141613,-0.0240725263749,-0.998933602456,-0.0209823214417,-0.0411266345605,-0.999999834483,0.000482546720527,-0.000313341005241,2.64305603424,0.260889761855,0.0532696553275,0,0,0.00234563431189,0.00527503502369,26.7222192849,10,3.086686,0.084855,0.004696,0.197553,0.06851,3.464648,0.5,70.4,77.2
A2_blind_r0p5,A2_cylinder,blind,22,1789204916.51,1789204916.51,1789204916.51,0,0,1,19672,19672,391,1,VALID,3.09775028196,0,1.5,0,0.899881565574,0.90224971804,0.002368152466,0.790260591507,0.790504432917,0.000243841409683,3.99829244614,0.0231377445161,1.53533911705,1,0.751532287316,0.730076058214,-0.0214562291012,-0.998901774318,-0.0256649105064,-0.0391989493979,-0.999999965074,0.00013129160272,0.000229379542891,2.70060389645,0.290143464252,0.037040105464,0,0,0.00262420124267,0.00626530441216,26.7222192849,10,3.592443,0.094073,0.005419,0.22964,0.073855,4.020334,0.5,70.4,77.2
A2_blind_r0p5,A2_cylinder,blind,23,1789204916.61,1789204916.61,1789204916.61,0,0,1,19945,19945,377,1,VALID,3.12409107064,0,1.5,0,0.873572910906,0.875908929357,0.00233601845048,0.743527092934,0.743659271479,0.000132178544998,3.99826598167,0.0201683361083,1.53793084621,1,0.7252297938,0.703420360774,-0.0218094330261,-0.998794674941,-0.0230434738554,-0.0433381543405,-0.999999974064,0.000224963524543,3.55472165273e-05,2.82128094011,0.280787120672,0.0123346249404,0,0,0.00262403159694,0.00641101408005,26.7222192849,10,2.762964,0.068146,0.003864,0.163888,0.052822,3.06922,0.5,70.4,77.2
A2_blind_r0p5,A2_cylinder,blind,24,1789204916.71,1789204916.71,1789204916.71,0,0,1,20098,20098,327,1,VALID,3.15305088002,0,1.5,0,0.844646161027,0.846949119975,0.00230295894815,0.693614759445,0.693613205058,1.55438695637e-06,3.99828243256,0.0224271938205,1.53457486629,1,0.696235553294,0.67398828717,-0.022247266124,-0.998813452348,-0.0265023032082,-0.0408572555828,-0.999999897227,-0.000148523044584,-0.000428352811633,2.7661926901,0.243885857981,0.0341232551244,0,0,0.00247999929905,0.00509281289577,26.7222192849,10,1.936753,0.044627,0.002701,0.114718,0.035513,2.146951,0.5,70.4,77.2
A2_blind_r0p5,A2_cylinder,blind,25,1789204916.81,1789204916.81,1789204916.81,0,0,1,20387,20387,314,1,VALID,3.18451965541,0,1.5,0,0.813185510619,0.81548034459,0.002294833971,0.64112541914,0.641860501051,0.000735081911087,3.99824500084,0.0201661642641,1.53270995617,1,0.664632101584,0.64488100233,-0.0197510992541,-0.998886843856,-0.0247549327148,-0.0401530382014,-0.999999807669,0.000387990926267,0.000483864115985,2.73895297488,0.108023638839,0.0606358036599,0,0,0.00272666850163,0.00610970497131,26.7222192849,10,2.902205,0.069541,0.004206,0.177256,0.057608,3.230491,0.5,70.4,77.2
A2_blind_r0p5,A2_cylinder,blind,26,1789204916.91,1789204916.91,1789204916.91,0,0,1,20358,20358,299,1,VALID,3.21823685513,0,1.5,0,0.779497157473,0.781763144872,0.00226598739981,0.587619044781,0.587810699173,0.000191654392651,3.998234272,0.0205960478634,1.53604090214,1,0.631101226503,0.608252035795,-0.0228491907074,-0.998586864308,-0.0263679627753,-0.0461411418473,-0.999999719797,0.000676044888205,-0.000321509536174,3.04988087878,0.355738798903,0.0490072160055,0,0,0.002446433177,0.00512237212488,26.7222192849,10,2.465573,0.048938,0.003284,0.142599,0.043454,2.718843,0.5,70.4,77.2
A2_blind_r0p5,A2_cylinder,blind,27,1789204917.01,1789204917.01,1789204917.01,0,0,1,20513,20513,256,1,VALID,3.25414641859,0,1.5,0,0.743601665978,0.745853581408,0.00225191543068,0.53247020483,0.533668056045,0.00119785121509,3.99818944931,0.021973580122,1.52978599072,1,0.594963146377,0.572931570263,-0.0220315761141,-0.998764897313,-0.0294961979188,-0.0399831739962,-0.9999997828,0.000657200452236,-4.98741801573e-05,2.86819266005,0.39587324154,0.0156009667554,0,0,0.00290254506882,0.00635637192215,26.7222192849,10,3.033873,0.055382,0.003987,0.163725,0.060123,3.335773,0.5,70.4,77.2
A2_blind_r0p5,A2_cylinder,blind,28,1789204917.11,1789204917.11,1789204917.11,0,0,1,20381,20381,208,1,VALID,3.29211640604,0,1.5,0,0.70567248221,0.707883593963,0.00221111175218,0.478012361526,0.478350620627,0.000338259100914,3.99828648567,0.0210718233138,1.53731155396,1,0.5574689786,0.532873287585,-0.0245956910151,-0.998164020413,-0.0297848018246,-0.0527394912044,-0.999999875754,0.000119029993317,0.00048406915876,3.4999782935,0.731885335725,0.0434362085036,0,0,0.00297602288456,0.00664950306926,26.7222192849,10,3.781007,0.059853,0.005405,0.224442,0.086899,4.184081,0.5,70.4,77.2
A2_blind_r0p5,A2_cylinder,blind,29,1789204917.21,1789204917.21,1789204917.21,0,0,1,20200,20200,191,1,VALID,3.33185570235,0,1.5,0,0.665974571051,0.668144297651,0.00216972660054,0.423105307817,0.424289414099,0.00118410628183,3.99822664261,0.0202440042049,1.53384339809,1,0.517536896167,0.491613922941,-0.0259229732264,-0.998253438444,-0.0303264226941,-0.0506989222894,-0.999999881592,0.000194587928751,-0.00044603904039,3.37069297552,0.121072800313,0.0534668277666,0,0,0.0030145244355,0.00708195767232,26.7222192849,10,3.266337,0.039877,0.003619,0.150778,0.048768,3.526203,0.5,70.4,77.2
A2_blind_r0p5,A2_cylinder,blind,30,1789204917.31,1789204917.31,1789204917.31,0,0,1,20357,20357,172,1,VALID,3.37327648833,0,1.5,0,0.624604071699,0.626723511672,0.00211943997269,0.36951888442,0.370439338531,0.000920454110418,3.99824404716,0.0195987559855,1.53240811825,1,0.47611409011,0.451784010685,-0.0243300794255,-0.998168822881,-0.0313022122754,-0.0517607238743,-0.999999626347,0.000271431767112,0.000820750034162,3.51622482726,0.0827670816975,0.0727150897082,0,0,0.00322518365839,0.00831778614436,26.7222192849,10,1.091194,0.016024,0.001402,0.054331,0.020219,1.189742,0.5,70.4,77.2
A2_blind_r0p5,A2_cylinder,blind,31,1789204917.41,1789204917.41,1789204917.41,0,0,1,20295,20295,130,1,VALID,3.41621564796,0,1.5,0,0.581714074009,0.583784352041,0.00207027803181,0.317890324593,0.31955664352,0.00166631892749,3.9982278347,0.0196983292699,1.53555452824,1,0.433429898917,0.408624132704,-0.0248057662136,-0.99757020379,-0.0337629808992,-0.0609405417728,-0.999999935904,0.000274545355593,-0.00022981927007,3.99109844193,0.545615494452,0.0601934569454,0,0,0.00362887051639,0.00779907872421,26.7222192849,10,2.579086,0.030264,0.003525,0.138888,0.048391,2.816041,0.5,70.4,77.2
A2_blind_r0p5,A2_cylinder,blind,32,1789204917.51,1789204917.51,1789204917.51,0,0,1,20372,20372,107,1,VALID,3.46046796824,0,1.5,0,0.537525997914,0.539532031757,0.00200603384249,0.268000581264,0.2696512777,0.00165069643514,3.99822211266,0.0217898488045,1.52909207344,1,0.388981100625,0.364939245607,-0.0240418550182,-0.997723496168,-0.0404278504519,-0.0539760511853,-0.999999973706,0.00019334057569,0.00012332111691,3.87912155686,0.552388470049,0.0207615075112,0,0,0.00395119836262,0.00830534625479,26.7222192849,10,2.259834,0.029074,0.003309,0.133102,0.042319,2.483171,0.5,70.4,77.2
A2_blind_r0p5,A2_cylinder,blind,33,1789204917.61,1789204917.61,1789204917.61,0,0,1,18022,18022,86,1,VALID,3.50592998136,0,1.5,0,0.500003079837,0.494070018637,0.00593306119957,0.227761217356,0.223907645489,0.00385357186624,3.99879622459,0.0302753299475,1.58017134666,1,0.350261121913,0.329062884184,-0.0211982377287,-0.985217993863,-0.0605190561212,-0.160259004163,-0.999999310638,-0.000236495810008,0.00115012756231,9.92064608499,6.24178095264,0.0637784994449,0,0,0.00422577260146,0.0125708043788,26.7222192849,10,3.716395,0.041704,0.007539,0.311002,0.105276,4.212906,0.5,70.4,77.2
A2_blind_r0p5,A2_cylinder,blind,34,1789204917.71,1789204917.71,1789204917.71,0,0,1,11197,11197,61,1,VALID,3.55248195701,0,1.5,0,0.500005217119,0.447518042991,0.052487174128,0.22852609396,0.192920173781,0.0356059201785,4.00326108932,0.0974633395672,1.6957679987,1,0.351024960752,0.347990150543,-0.00303481020889,-0.899713873854,-0.194527901836,-0.390735000482,-0.999999582149,-0.000170511781832,-0.000898124336094,25.8291012618,16.0945051877,0.117417090682,0,0,0.0091644816681,0.0370243517501,26.7222192849,10,2.29644,0.035968,0.007176,0.331514,0.106952,2.811104,0.5,70.4,77.2
A2_blind_r0p5,A2_cylinder,blind,35,1789204917.81,1789204917.81,1789204917.81,0,0,1,3868,3868,43,1,VALID,3.59991814148,0,1.5,0,0.500012527004,0.400081858516,0.0999306684888,0.22759766221,0.172204060797,0.0553936014133,3.99831199646,-0.0404673852026,1.20042967796,1,0.350097673198,0.364989641889,0.0148919686912,-0.796632141621,0.0809189683454,0.599023665224,-0.999999922048,-0.000208347777723,-0.000335403252458,37.2109547982,62.1641208999,0.0323143474864,0,0,0.0151750407344,0.0557367783785,26.7222192849,10,0.232517,0.012541,0.001717,0.06519,0.026028,0.346326,0.5,70.4,77.2
A2_blind_r0p5,A2_cylinder,blind,36,1789204917.91,1789204917.91,1789204917.91,0,0,1,104,104,4,1,VALID,3.64807324398,0,1.5,0,0.500031021661,0.351926756024,0.148104265637,0.228859403133,0.195993052987,0.0328663501463,4.04527187347,-0.305884063244,1.49475204945,1,0.351357440569,0.400888095495,0.0495306549258,-0.792246295134,0.610111661643,0.0104674816945,-0.999839298955,-0.000194039004807,-0.0179259201982,37.6447407591,46.6251323572,1.0079177267,0,0,0.019503798897,0.0330265695687,26.7222192849,10,0.010796,0.006943,0.001719,0.055945,0.023954,0.107588,0.5,70.4,77.2
A2_blind_r0p5,A2_cylinder,blind,37,1789204918.01,1789204918.01,1789204918.01,0,0,1,0,0,0,0,EMPTY_CLOUD,3.69680823042,0,1.5,0,nan,0.303191769577,nan,nan,nan,nan,nan,nan,nan,0,nan,nan,nan,nan,nan,nan,nan,nan,nan,nan,nan,nan,0,0,nan,nan,nan,0,0.001353,0,0,0,0,0.002081,0.5,70.4,77.2
A2_blind_r0p5,A2_cylinder,blind,38,1789204918.11,1789204918.11,1789204918.11,0,0,1,0,0,0,0,EMPTY_CLOUD,3.7459848289,0,1.5,0,nan,0.2540151711,nan,nan,nan,nan,nan,nan,nan,0,nan,nan,nan,nan,nan,nan,nan,nan,nan,nan,nan,nan,0,0,nan,nan,nan,0,0.001441,0,0,0,0,0.002358,0.5,70.4,77.2
A2_blind_r0p5,A2_cylinder,blind,39,1789204918.21,1789204918.21,1789204918.21,0,0,1,0,0,0,0,EMPTY_CLOUD,3.79534943325,0,1.5,0,nan,0.204650566746,nan,nan,nan,nan,nan,nan,nan,0,nan,nan,nan,nan,nan,nan,nan,nan,nan,nan,nan,nan,0,0,nan,nan,nan,0,0.001175,0,0,0,0,0.002002,0.5,70.4,77.2
A2_blind_r0p5,A2_cylinder,blind,40,1789204918.31,1789204918.31,1789204918.31,0,0,1,0,0,0,0,EMPTY_CLOUD,3.84484371896,0,1.5,0,nan,0.155156281044,nan,nan,nan,nan,nan,nan,nan,0,nan,nan,nan,nan,nan,nan,nan,nan,nan,nan,nan,nan,0,0,nan,nan,nan,0,0.000717,0,0,0,0,0.001724,0.5,70.4,77.2
A2_blind_r0p5,A2_cylinder,blind,41,1789204918.41,1789204918.41,1789204918.41,0,0,1,0,0,0,0,EMPTY_CLOUD,3.89435878164,0,1.5,0,nan,0.105641218363,nan,nan,nan,nan,nan,nan,nan,0,nan,nan,nan,nan,nan,nan,nan,nan,nan,nan,nan,nan,0,0,nan,nan,nan,0,0.000896,0,0,0,0,0.001602,0.5,70.4,77.2
A2_blind_r0p5,A2_cylinder,blind,42,1789204918.51,1789204918.51,1789204918.51,0,0,1,0,0,0,0,EMPTY_CLOUD,3.94355798283,0,1.5,0,nan,0.0564420171717,nan,nan,nan,nan,nan,nan,nan,0,nan,nan,nan,nan,nan,nan,nan,nan,nan,nan,nan,nan,0,0,nan,nan,nan,0,0.0014,0,0,0,0,0.002238,0.5,70.4,77.2
A2_blind_r0p5,A2_cylinder,blind,43,1789204918.61,1789204918.61,1789204918.61,0,0,1,20443,20443,685,1,VALID,3.9923118088,0,1.5,0,1.58664355824,0.00768819120298,1.57895536704,2.53114227295,2.43020481246,0.100937460491,5.26612520218,-0.963928222656,1.45659530163,1,1.44801192092,0.848251043377,-0.599760877543,-0.797123829132,0.603204645079,0.0271616859646,-0.999924397106,-0.0022172034654,-0.0120947956545,37.3071718321,1.07221805645,0.353671260605,0,0,0.0600823395213,0.104394040108,26.7222192849,10,4.295537,0.150191,0.00422,0.450184,0.051562,4.972579,0.5,70.4,77.2
A2_blind_r0p5,A2_cylinder,blind,44,1789204918.71,1789204918.71,1789204918.71,0,0,1,20517,20517,668,1,VALID,4.04059337392,0,1.5,0,1.57095394663,0.0405933739206,1.53036057271,2.45886353493,2.35986030184,0.0990032330922,5.29108047485,0.956522107124,1.44793701172,1,1.42523419598,0.839409371954,-0.585824824025,-0.793841972901,-0.607225293309,0.0330509489474,-0.999723584754,-0.0171976988092,-0.016031008781,36.5309357358,74.4899763417,0.887537587239,0,0,0.0548988100573,0.103575528554,26.7222192849,10,6.043282,0.180108,0.006243,0.623229,0.083852,6.966134,0.5,70.4,77.2
A2_blind_r0p5,A2_cylinder,blind,45,1789204918.81,1789204918.81,1789204918.81,0,0,1,20376,20376,643,1,VALID,4.08821587668,0,1.5,0,1.55302890106,0.0882158766767,1.46481302438,2.44091538429,2.34685286522,0.0940625190735,5.34613037109,-0.937439441681,1.45231533051,1,1.41952729184,0.843953219746,-0.575574072093,-0.801460816375,0.597275079957,0.0303815516169,-0.999966020386,0.000819478031072,-0.00820283670718,36.7097608366,74.0643935805,1.12563990205,0,0,0.0581477799641,0.10023930754,26.7222192849,10,6.359454,0.182386,0.00703,0.787075,0.088124,7.457744,0.5,70.4,77.2
A2_blind_r0p5,A2_cylinder,blind,46,1789204918.91,1789204918.91,1789204918.91,0,0,1,20216,20216,616,1,VALID,4.13491741167,0,1.5,0,1.5343407165,0.134917411675,1.39942330483,2.36342720032,2.26652303968,0.0969041606358,5.36779737473,0.929617226124,1.54178273678,1,1.3946447544,0.828730195578,-0.565914558821,-0.798164154305,-0.601832432478,-0.0270500646978,-0.999743167382,-0.00753343764034,-0.0213739699157,36.5756112332,73.7746496682,0.893712320026,0,0,0.0567133872074,0.102796221733,26.7222192849,10,4.547801,0.13114,0.005126,0.496805,0.070361,5.274783,0.5,70.4,77.2
A2_blind_r0p5,A2_cylinder,blind,47,1789204919.01,1789204919.01,1789204919.01,0,0,1,20392,20392,614,1,VALID,4.18064092886,0,1.5,0,1.5179208797,0.180640928863,1.33727995084,2.2929528141,2.19716780118,0.0957850129264,5.39170074463,-0.919788658619,1.4473195076,1,1.37166087882,0.823431968157,-0.548228910666,-0.795880154927,0.604463570331,0.0346203861345,-0.999946891379,-0.00825866321861,0.00616513613327,37.7153880632,74.3047433733,1.5785146616,0,0,0.0570986104894,0.097608783177,26.7222192849,10,4.885542,0.155653,0.005483,0.535703,0.072387,5.67979,0.5,70.4,77.2
A2_blind_r0p5,A2_cylinder,blind,48,1789204919.11,1789204919.11,1789204919.11,0,0,1,20470,20470,581,1,VALID,4.22518987954,0,1.5,0,1.49517545384,0.225189879541,1.26998557429,2.22764400482,2.13077925886,0.0968647459575,5.41845750809,0.908575057983,1.47266387939,1,1.35004777029,0.807527255914,-0.542520514376,-0.795486379791,-0.605697386197,0.0182234991529,-0.999713583254,-0.00141588537575,-0.0238903060919,37.280396339,74.47726506,1.76623745188,0,0,0.0577791902229,0.0995874470302,26.7222192849,10,5.955917,0.145176,0.005924,0.579407,0.082703,6.796634,0.5,70.4,77.2
A2_blind_r0p5,A2_cylinder,blind,49,1789204919.21,1789204919.21,1789204919.21,0,0,1,20524,20524,577,1,VALID,4.26843949468,0,1.5,0,1.4771155209,0.268439494677,1.20867602623,2.19229797363,2.10125384753,0.0910441261019,5.46284341812,0.88613319397,1.44554972649,1,1.33821956927,0.818463341273,-0.519756227995,-0.802572360224,-0.595431742142,0.0365875259375,-0.99997976374,-4.5849182908e-05,-0.00636160426889,36.6448358319,1.27198216199,1.00751204051,0,0,0.0558181496684,0.0945707665852,26.7222192849,10,7.101395,0.180955,0.006898,0.713101,0.098859,8.132557,0.5,70.4,77.2
A2_blind_r0p5,A2_cylinder,blind,50,1789204919.31,1789204919.31,1789204919.31,0,0,1,20289,20289,542,1,VALID,4.3101452171,0,1.5,0,1.45340589336,0.310145217103,1.14326067626,2.10920075417,2.01907205922,0.090128694943,5.47402143478,-0.880268931389,1.4528850317,1,1.31003477853,0.804131934257,-0.50590284427,-0.797156594678,0.602909633419,0.0322697612665,-0.999985359209,-0.00372627332734,-0.00392380624734,37.3663028009,73.6224836585,0.252936331579,0,0,0.0548061868571,0.0947303039006,26.7222192849,10,5.883742,0.158496,0.006842,0.701937,0.093406,6.876607,0.5,70.4,77.2
A2_blind_r0p5,A2_cylinder,blind,51,1789204919.41,1789204919.41,1789204919.41,0,0,1,20272,20272,514,1,VALID,4.35026400061,0,1.5,0,1.43289200784,0.350264000613,1.08262800723,2.03782419205,1.94585332407,0.0919708679744,5.48998594284,0.871967554092,1.53210759163,1,1.2853831062,0.792419222244,-0.492963883954,-0.794019383783,-0.607480749757,-0.0223686578063,-0.999921646821,-0.00737829904287,-0.0101124142679,36.9971403707,74.5748096526,0.411734833036,0,0,0.0524627250545,0.103067688806,26.7222192849,10,4.492387,0.109998,0.004629,0.446288,0.056816,5.132054,0.5,70.4,77.2
A2_blind_r0p5,A2_cylinder,blind,52,1789204919.51,1789204919.51,1789204919.51,0,0,1,20203,20203,476,1,VALID,4.38856868498,0,1.5,0,1.41280362385,0.388568684979,1.02423493887,2.01304654121,1.91936160265,0.093684938567,5.54014348984,-0.840454697609,1.44469749928,1,1.27672607531,0.802634028613,-0.474092046697,-0.807145049726,0.589079272863,0.0387618238165,-0.99999969794,-0.000612666122752,0.000478288602286,36.215313036,73.6103926156,0.720071298399,0,0,0.0489748267841,0.093684938567,26.7222192849,10,5.663277,0.097201,0.004024,0.385337,0.051346,6.220134,0.5,70.4,77.2
A2_blind_r0p5,A2_cylinder,blind,53,1789204919.61,1789204919.61,1789204919.61,0,0,1,20420,20420,499,1,VALID,4.42487348509,0,1.5,0,1.39162006149,0.424873485094,0.966746576393,1.94310966969,1.84269742884,0.100412240846,5.55122232437,-0.83338612318,1.54914557934,1,1.25200188095,0.79664310509,-0.455358775863,-0.803386080347,0.594425800933,-0.0350538598469,-0.999981808665,1.04348682034e-05,0.00603176846588,36.5664721287,4.24684466402,0.320189582101,0,0,0.0503792652564,0.105818661962,26.7222192849,10,4.736537,0.110401,0.005205,0.50775,0.077862,5.461853,0.5,70.4,77.2
A2_blind_r0p5,A2_cylinder,blind,54,1789204919.71,1789204919.71,1789204919.71,0,0,1,20352,20352,454,1,VALID,4.45907673673,0,1.5,0,1.37121944706,0.459076736727,0.912142710333,1.85773686409,1.76693613332,0.0908007307734,5.58192968369,0.783313155174,1.57654356956,1,1.22121721459,0.804212439826,-0.417004774765,-0.818873029977,-0.571253803569,-0.0558216148469,-0.999957900118,0.00336343090391,0.00853729019695,35.2699430683,71.3213532818,0.239827969768,0,0,0.0498632793602,0.0934180505616,26.7222192849,10,4.488366,0.116936,0.005383,0.502,0.07666,5.214513,0.5,70.4,77.2
A2_blind_r0p5,A2_cylinder,blind,55,1789204919.81,1789204919.81,1789204919.81,0,0,1,20337,20337,448,1,VALID,4.49096167574,0,1.5,0,1.34612827727,0.490961675744,0.855166601523,1.78956154823,1.70501318448,0.0845483637537,5.58105516434,0.786200404167,1.57514286041,1,1.19612843936,0.785807873754,-0.410320565603,-0.809799115733,-0.584045679334,-0.0558214708669,-0.999406601501,0.00287253903285,-0.0343248218697,35.9473331862,0.898599956169,2.45637040675,0,0,0.0468954440269,0.0861107972009,26.7222192849,10,5.471284,0.130658,0.006917,0.63257,0.092313,6.365376,0.5,70.4,77.2
A2_blind_r0p5,A2_cylinder,blind,56,1789204919.91,1789204919.91,1789204919.91,0,0,1,20432,20432,423,1,VALID,4.52042682197,0,1.5,0,1.32320005854,0.520426821967,0.802773236573,1.72834805489,1.65312029409,0.0752277607918,5.58210325241,-0.785598993301,1.58077931404,1,1.17319627005,0.761375120539,-0.411821149506,-0.802357587448,0.593713201963,-0.0610486337186,-0.99732897752,-0.00266883949506,-0.0729916974353,36.5741884982,72.1575492372,2.24138996263,0,0,0.0491046184198,0.0943562160219,26.7222192849,10,5.937995,0.188555,0.009873,1.190753,0.140021,7.507912,0.5,70.4,77.2
A2_blind_r0p5,A2_cylinder,blind,57,1789204920.01,1789204920.01,1789204920.01,0,0,1,20412,20412,429,1,VALID,4.54727078329,0,1.5,0,1.30254162708,0.547270783288,0.755270843789,1.67409495354,1.5934085756,0.080686377934,5.58426809311,0.784275233746,1.57838332653,1,1.15253405153,0.748279946083,-0.404254105446,-0.796138336887,-0.602114947014,-0.060177563271,-0.997834833183,-0.0650802577424,0.00949767017568,33.5888607078,73.4424784011,5.92934950276,0,0,0.0416746427055,0.0861089583806,26.7222192849,10,7.242192,0.132639,0.00681,0.633268,0.097876,8.144671,0.5,70.4,77.2
A2_blind_r0p5,A2_cylinder,blind,58,1789204920.11,1789204920.11,1789204920.11,0,0,1,20303,20303,401,1,VALID,4.57137937681,0,1.5,0,1.28418334728,0.571379376812,0.712803970472,1.62662295341,1.54698403563,0.0796389177867,5.58692550659,0.782075703144,1.57839751244,1,1.13418174752,0.732123015695,-0.402058731828,-0.790811897717,-0.609007068045,-0.0610486158804,-0.998697531237,-0.00194376046138,-0.0509849281258,37.4317229478,0.501563956939,5.01132806452,0,0,0.0497325666387,0.102968117884,26.7222192849,10,4.947688,0.103767,0.005797,0.516304,0.084883,5.685658,0.5,70.4,77.2
A2_blind_r0p5,A2_cylinder,blind,59,1789204920.21,1789204920.21,1789204920.21,0,0,1,20342,20342,391,1,VALID,4.59256315118,0,1.5,0,1.29233684353,0.592563151183,0.699773692348,1.67104319572,1.58368335145,0.0873598442759,5.64652490616,0.761333405972,1.44450926781,1,1.15136219507,0.761268491835,-0.390093703237,-0.809891270176,-0.58502813435,0.0426405031934,-0.999992584768,-0.002936800517,0.00249110634131,35.7366983978,6.19797655394,3.06574322109,0,0,0.0445672996973,0.0873598442759,26.7222192849,10,5.707121,0.124055,0.006879,0.578991,0.09497,6.54372,0.5,70.4,77.2
A2_blind_r0p5,A2_cylinder,blind,60,1789204920.31,1789204920.31,1789204920.31,0,0,1,20433,20433,394,1,VALID,4.61069049521,0,1.5,0,1.27916212246,0.610690495214,0.66847162725,1.63343361855,1.5469342964,0.0864993221419,5.64698123932,0.761298596859,1.54959630966,1,1.13683104146,0.754628551085,-0.382202490377,-0.805304501447,-0.591607317235,-0.0385414341034,-0.999973916626,0.00129902040932,0.00710483024494,36.4629669041,4.67532327875,0.358861465552,0,0,0.0447093951698,0.0999653904097,26.7222192849,10,5.360677,0.118753,0.006875,0.582032,0.098503,6.198522,0.5,70.4,77.2
A2_blind_r0p5,A2_cylinder,blind,61,1789204920.41,1789204920.41,1789204920.41,0,0,1,20477,20477,369,1,VALID,4.62558297164,0,1.5,0,1.26933195321,0.625582971643,0.643748981567,1.60790447235,1.52200801931,0.08589645304,5.65432548523,0.754671931267,1.44936406612,1,1.12687322938,0.752637594623,-0.374235634752,-0.805673268449,-0.591031276962,0.0396561994941,-0.999937685858,-0.00403931779113,0.0104071279549,36.0578477918,4.48170821365,0.359662667485,0,0,0.0452493031925,0.0958195956094,26.7222192849,10,4.699627,0.113424,0.00684,0.564365,0.093861,5.508894,0.5,70.4,77.2
A2_blind_r0p5,A2_cylinder,blind,62,1789204920.51,1789204920.51,1789204920.51,0,0,1,20381,20381,363,1,VALID,4.6371008548,0,1.5,0,1.26199113253,0.637100854795,0.624890277739,1.58387784004,1.49822198752,0.0856558525222,5.69312381744,-0.696318686008,1.57958257198,1,1.11742936666,0.776218274496,-0.341211092164,-0.833200539712,0.549394402882,-0.0627905303895,-0.999966455497,0.00327256012639,0.00750854380465,33.4362880413,69.8738604935,0.450661429415,0,0,0.0441037765555,0.0856558525222,26.7222192849,10,4.553146,0.078497,0.004456,0.341393,0.054497,5.052587,0.5,70.4,77.2
A2_blind_r0p5,A2_cylinder,blind,63,1789204920.61,1789204920.61,1789204920.61,0,0,1,20368,20368,375,1,VALID,4.64504977646,0,1.5,0,1.25648228876,0.645049776458,0.611432512304,1.56775084972,1.48544187811,0.0823089716094,5.69333362579,0.696478009224,1.57918202877,1,1.11105124011,0.782893791486,-0.328157448621,-0.83127770459,-0.552299495192,-0.0627904886285,-0.999987303414,0.00498712435492,0.000722220089852,34.058375118,66.8503884587,0.401048170901,0,0,0.0437443542363,0.0823089716094,26.7222192849,10,5.530459,0.115649,0.006809,0.5745,0.086739,6.345197,0.5,70.4,77.2
A2_blind_r0p5,A2_cylinder,blind,64,1789204920.71,1789204920.71,1789204920.71,0,0,1,20558,20558,356,1,VALID,4.64929694799,0,1.5,0,1.25591580902,0.649296947986,0.606618861035,1.5591848278,1.4788372082,0.0803476196017,5.69208717346,-0.698087215424,1.58334934711,1,1.10765026512,0.77568013667,-0.331970128449,-0.829157523819,0.555072585846,-0.0662738646537,-0.999948414317,-0.00711088562071,0.00725286221432,34.4432273939,67.2410368653,0.787719291725,0,0,0.0417702830264,0.0850013855525,26.7222192849,10,4.525326,0.100693,0.006254,0.531404,0.081122,5.274593,0.5,70.4,77.2
A2_blind_r0p5,A2_cylinder,blind,65,1789204920.81,1789204920.81,1789204920.81,0,0,1,20450,20450,376,1,VALID,4.65,0,1.5,0,1.25321461057,0.65,0.603214610566,1.55776969433,1.47258922066,0.0851804736682,5.69299173355,0.698221981525,1.57017254829,1,1.10708787554,0.770818301359,-0.336269574182,-0.829688814814,-0.555428149327,-0.0558215147386,-0.999927617209,0.00130869920441,0.0119602529044,34.0822241075,67.4593199145,0.552689266767,0,0,0.0449013422849,0.0851804736682,26.7222192849,10,3.138781,0.06259,0.003777,0.30793,0.050589,3.581408,0.5,70.4,77.2
A2_blind_r0p5,A2_cylinder,blind,66,1789204920.91,1789204920.91,1789204920.91,0,0,1,20272,20272,374,1,VALID,4.65,0,1.5,0,1.2541709417,0.65,0.604170941705,1.55776969433,1.47528208876,0.0824876055717,5.69299173355,0.698221981525,1.57017254829,1,1.10708787554,0.773874491927,-0.333213383614,-0.829688814814,-0.555428149327,-0.0558215147386,-0.999937746396,-0.00192287483711,0.0109911730838,33.8918473494,0,0.193302577135,0,0,0.0445190913742,0.0857764716148,26.7222192849,10,4.921298,0.110641,0.006313,0.53136,0.087416,5.685943,0.5,70.4,77.2
A2_blind_r0p5,A2_cylinder,blind,67,1789204921.01,1789204921.01,1789204921.01,0,0,1,20356,20356,371,1,VALID,4.65,0,1.5,0,1.25344412393,0.65,0.603444123927,1.55776885986,1.47262405157,0.0851448082924,5.69498872757,-0.69428896904,1.57893323898,1,1.10708743526,0.774785923025,-0.332301512238,-0.831277615009,0.552299621119,-0.062790566937,-0.99995410497,0.00263237778042,0.00921186956631,33.6833930871,67.2665822174,0.280202505086,0,0,0.0441553023741,0.0888188242912,26.7222192849,10,4.080829,0.095716,0.005367,0.453701,0.074934,4.735807,0.5,70.4,77.2
A2_blind_r0p5,A2_cylinder,blind,68,1789204921.11,1789204921.11,1789204921.11,0,0,1,20392,20392,381,1,VALID,4.65,0,1.5,0,1.25321461057,0.65,0.603214610566,1.55776969433,1.47329138279,0.0844783115387,5.69299173355,-0.698221981525,1.57017254829,1,1.10708787554,0.777812953043,-0.329274922498,-0.829688814814,0.555428149327,-0.0558215147386,-0.999803839285,-0.00363999419205,0.019468779956,34.2675286096,0.447053866285,0.688911602191,0,0,0.0436505065864,0.0852050546919,26.7222192849,10,3.859246,0.093504,0.005371,0.44881,0.072794,4.504804,0.5,70.4,77.2
A2_blind_r0p5,A2_cylinder,blind,69,1789204921.21,1789204921.21,1789204921.21,0,0,1,20279,20279,366,1,VALID,4.65,0,1.5,0,1.25344412393,0.65,0.603444123927,1.55776111126,1.47451026453,0.0832508467266,5.69329071045,-0.696665465832,1.58039283752,1,1.1070843296,0.773140546807,-0.333943782791,-0.829928903978,0.554191464283,-0.0639518198198,-0.999951266376,-0.00487101676536,0.00858708735553,34.2449019722,0.471392387051,0.627511957311,0,0,0.0439686438602,0.0863905221394,26.7222192849,10,5.206613,0.112573,0.006818,0.564258,0.092867,6.014375,0.5,70.4,77.2
A2_blind_r0p5,A2_cylinder,blind,70,1789204921.27,1789204921.27,1789204921.27,0,0,1,20316,20316,377,1,VALID,4.65,0,1.5,0,1.25321461057,0.65,0.603214610566,1.55776969433,1.47261331354,0.0851563807896,5.69255924225,0.697932422161,1.57893323898,1,1.10708775153,0.77191364374,-0.335174107792,-0.829344768013,-0.555197804872,-0.0627905505224,-0.999891171355,-0.000674647212756,0.0147373775737,34.0341933499,67.3794215353,0.426611057084,0,0,0.0447906843677,0.0852297742026,26.7222192849,10,5.54836,0.115462,0.006925,0.55678,0.094084,6.352978,0.5,70.4,77.2
